Column 1,Column 2,Column 3,Column 4,Column 5,Column 6
"660:""2020-03-18T20:11:25Z,2020-03-18T20:08:03Z,Feliz Navidad,http://twitter.com/search?q=%22Feliz+Navidad%22,%22Feliz+Navidad%22,
706:""2020-03-18T20:29:34Z",2020-03-18T20:23:02Z,#FelipeVI,http://twitter.com/search?q=%23FelipeVI,%23FelipeVI,
"710:""2020-03-18T20:29:34Z,2020-03-18T20:23:02Z,Feliz Navidad,http://twitter.com/search?q=%22Feliz+Navidad%22,%22Feliz+Navidad%22,
753:""2020-03-18T20:41:49Z",2020-03-18T20:38:03Z,#FelipeVI,http://twitter.com/search?q=%23FelipeVI,%23FelipeVI,
"760:""2020-03-18T20:41:49Z,2020-03-18T20:38:03Z,Feliz Navidad,http://twitter.com/search?q=%22Feliz+Navidad%22,%22Feliz+Navidad%22,
799:""2020-03-18T21:29:45Z",2020-03-18T21:25:09Z,Rey Felipe VI,http://twitter.com/search?q=%22Rey+Felipe+VI%22,%22Rey+Felipe+VI%22,10123
"895:""2020-03-18T23:30:05Z,2020-03-18T23:25:10Z,Feliz Navidad,http://twitter.com/search?q=%22Feliz+Navidad%22,%22Feliz+Navidad%22,
905:""2020-03-18T23:30:05Z",2020-03-18T23:25:10Z,#FelipeVI,http://twitter.com/search?q=%23FelipeVI,%23FelipeVI,
"1026:""2020-03-19T02:30:35Z,2020-03-19T02:22:59Z,#Felices23Raoul,http://twitter.com/search?q=%23Felices23Raoul,%23Felices23Raoul,
1046:""2020-03-19T02:30:35Z",2020-03-19T02:22:59Z,Felipe Melo,http://twitter.com/search?q=%22Felipe+Melo%22,%22Felipe+Melo%22,17569
"2803:""2020-03-20T10:36:05Z,2020-03-20T10:26:53Z,#FelizFinde,http://twitter.com/search?q=%23FelizFinde,%23FelizFinde,
2824:""2020-03-20T10:36:05Z",2020-03-20T10:26:53Z,Felipe de Borbón y Grecia,http://twitter.com/search?q=%22Felipe+de+Borb%C3%B3n+y+Grecia%22,%22Felipe+de+Borb%C3%B3n+y+Grecia%22,
"10187:""2020-03-26T13:23:15Z,2020-03-26T13:17:22Z,Felices 94,http://twitter.com/search?q=%22Felices+94%22,%22Felices+94%22,
10191:""2020-03-26T13:23:15Z",2020-03-26T13:17:22Z,El Rey Felipe VI,http://twitter.com/search?q=%22El+Rey+Felipe+VI%22,%22El+Rey+Felipe+VI%22,
"10274:""2020-03-26T15:25:11Z,2020-03-26T15:19:08Z,#FelizJueves,http://twitter.com/search?q=%23FelizJueves,%23FelizJueves,25966
10295:""2020-03-26T15:25:11Z",2020-03-26T15:19:08Z,El Rey Felipe VI,http://twitter.com/search?q=%22El+Rey+Felipe+VI%22,%22El+Rey+Felipe+VI%22,
"17346:""2020-04-01T14:44:39Z,2020-04-01T14:37:47Z,#FelizMiercoles,http://twitter.com/search?q=%23FelizMiercoles,%23FelizMiercoles,31484
17553:""2020-04-01T18:48:39Z",2020-04-01T18:45:06Z,#FelipeVIFarsante,http://twitter.com/search?q=%23FelipeVIFarsante,%23FelipeVIFarsante,
"17599:""2020-04-01T19:49:43Z,2020-04-01T19:47:24Z,#FelipeVIFarsante,http://twitter.com/search?q=%23FelipeVIFarsante,%23FelipeVIFarsante,
17648:""2020-04-01T20:50:43Z",2020-04-01T20:47:24Z,#FelipeVIFarsante,http://twitter.com/search?q=%23FelipeVIFarsante,%23FelipeVIFarsante,
"18493:""2020-04-02T14:08:45Z,2020-04-02T14:04:05Z,Don Felipe,http://twitter.com/search?q=%22Don+Felipe%22,%22Don+Felipe%22,
18588:""2020-04-02T16:10:44Z",2020-04-02T16:05:53Z,Don Felipe,http://twitter.com/search?q=%22Don+Felipe%22,%22Don+Felipe%22,
"18623:""2020-04-02T17:11:43Z,2020-04-02T17:05:52Z,Don Felipe,http://twitter.com/search?q=%22Don+Felipe%22,%22Don+Felipe%22,
18672:""2020-04-02T18:12:41Z",2020-04-02T18:10:54Z,Don Felipe,http://twitter.com/search?q=%22Don+Felipe%22,%22Don+Felipe%22,
"18726:""2020-04-02T19:13:41Z,2020-04-02T19:10:55Z,Don Felipe,http://twitter.com/search?q=%22Don+Felipe%22,%22Don+Felipe%22,
18830:""2020-04-02T21:15:45Z",2020-04-02T21:10:44Z,Don Felipe,http://twitter.com/search?q=%22Don+Felipe%22,%22Don+Felipe%22,
"20667:""2020-04-04T10:51:54Z,2020-04-04T10:46:53Z,#FelizSabado,http://twitter.com/search?q=%23FelizSabado,%23FelizSabado,10231
20669:""2020-04-04T10:51:54Z",2020-04-04T10:46:53Z,Felipe González,http://twitter.com/search?q=%22Felipe+Gonz%C3%A1lez%22,%22Felipe+Gonz%C3%A1lez%22,
"20718:""2020-04-04T11:52:49Z,2020-04-04T11:46:56Z,#FelizSabado,http://twitter.com/search?q=%23FelizSabado,%23FelizSabado,12388
20719:""2020-04-04T11:52:49Z",2020-04-04T11:46:56Z,Felipe González,http://twitter.com/search?q=%22Felipe+Gonz%C3%A1lez%22,%22Felipe+Gonz%C3%A1lez%22,
"20904:""2020-04-04T14:55:38Z,2020-04-04T14:52:08Z,#FelizSabado,http://twitter.com/search?q=%23FelizSabado,%23FelizSabado,23709
20925:""2020-04-04T15:56:35Z",2020-04-04T15:52:12Z,Felipe González,http://twitter.com/search?q=%22Felipe+Gonz%C3%A1lez%22,%22Felipe+Gonz%C3%A1lez%22,18292
"26087:""2020-04-09T00:35:48Z,2020-04-09T00:33:02Z,Felipe González,http://twitter.com/search?q=%22Felipe+Gonz%C3%A1lez%22,%22Felipe+Gonz%C3%A1lez%22,36159
26135:""2020-04-09T01:36:48Z",2020-04-09T01:33:08Z,Felipe González,http://twitter.com/search?q=%22Felipe+Gonz%C3%A1lez%22,%22Felipe+Gonz%C3%A1lez%22,36406
"26183:""2020-04-09T02:37:43Z,2020-04-09T02:32:58Z,Felipe González,http://twitter.com/search?q=%22Felipe+Gonz%C3%A1lez%22,%22Felipe+Gonz%C3%A1lez%22,36582
26228:""2020-04-09T03:38:40Z",2020-04-09T03:34:10Z,Felipe González,http://twitter.com/search?q=%22Felipe+Gonz%C3%A1lez%22,%22Felipe+Gonz%C3%A1lez%22,36690
"26407:""2020-04-09T07:42:19Z,2020-04-09T07:34:10Z,#FelizJueves,http://twitter.com/search?q=%23FelizJueves,%23FelizJueves,
26422:""2020-04-09T07:42:19Z",2020-04-09T07:34:10Z,Felipe González,http://twitter.com/search?q=%22Felipe+Gonz%C3%A1lez%22,%22Felipe+Gonz%C3%A1lez%22,37450
"26439:""2020-04-09T07:42:19Z,2020-04-09T07:34:10Z,#FelizMiercoles,http://twitter.com/search?q=%23FelizMiercoles,%23FelizMiercoles,61059
26479:""2020-04-09T08:43:13Z",2020-04-09T08:39:10Z,Felipe González,http://twitter.com/search?q=%22Felipe+Gonz%C3%A1lez%22,%22Felipe+Gonz%C3%A1lez%22,36541
"26495:""2020-04-09T08:43:13Z,2020-04-09T08:39:10Z,#FelizMiercoles,http://twitter.com/search?q=%23FelizMiercoles,%23FelizMiercoles,59472
26537:""2020-04-09T09:44:07Z",2020-04-09T09:39:11Z,Felipe González,http://twitter.com/search?q=%22Felipe+Gonz%C3%A1lez%22,%22Felipe+Gonz%C3%A1lez%22,34534
"31792:""2020-04-13T22:26:57Z,2020-04-13T22:22:09Z,Felipe V,http://twitter.com/search?q=%22Felipe+V%22,%22Felipe+V%22,
31897:""2020-04-14T00:28:50Z",2020-04-14T00:27:01Z,Felipe V,http://twitter.com/search?q=%22Felipe+V%22,%22Felipe+V%22,
"33714:""2020-04-15T14:05:09Z,2020-04-15T13:56:42Z,#FelizMiercoles,http://twitter.com/search?q=%23FelizMiercoles,%23FelizMiercoles,15451
33877:""2020-04-15T17:08:22Z",2020-04-15T17:02:56Z,Felipe González,http://twitter.com/search?q=%22Felipe+Gonz%C3%A1lez%22,%22Felipe+Gonz%C3%A1lez%22,
"34901:""2020-04-16T14:27:59Z,2020-04-16T14:20:58Z,#FelizJueves,http://twitter.com/search?q=%23FelizJueves,%23FelizJueves,21053
35226:""2020-04-16T20:33:48Z",2020-04-16T20:27:15Z,El Rey Felipe,http://twitter.com/search?q=%22El+Rey+Felipe%22,%22El+Rey+Felipe%22,
"35267:""2020-04-16T21:34:47Z,2020-04-16T21:27:13Z,El Rey Felipe,http://twitter.com/search?q=%22El+Rey+Felipe%22,%22El+Rey+Felipe%22,
35315:""2020-04-16T22:35:45Z",2020-04-16T22:32:17Z,Rey Felipe,http://twitter.com/search?q=%22Rey+Felipe%22,%22Rey+Felipe%22,
"35369:""2020-04-16T23:36:40Z,2020-04-16T23:32:13Z,Rey Felipe,http://twitter.com/search?q=%22Rey+Felipe%22,%22Rey+Felipe%22,
35419:""2020-04-17T00:37:35Z",2020-04-17T00:31:49Z,Rey Felipe,http://twitter.com/search?q=%22Rey+Felipe%22,%22Rey+Felipe%22,
"35464:""2020-04-17T01:38:31Z,2020-04-17T01:31:49Z,El Rey Felipe,http://twitter.com/search?q=%22El+Rey+Felipe%22,%22El+Rey+Felipe%22,
35508:""2020-04-17T02:39:28Z",2020-04-17T02:31:49Z,El Rey Felipe,http://twitter.com/search?q=%22El+Rey+Felipe%22,%22El+Rey+Felipe%22,
"49495:""2020-04-29T22:31:39Z,2020-04-29T22:28:19Z,Felipe de Borbón,http://twitter.com/search?q=%22Felipe+de+Borb%C3%B3n%22,%22Felipe+de+Borb%C3%B3n%22,
49548:""2020-04-29T23:32:36Z",2020-04-29T23:28:22Z,Felipe de Borbón,http://twitter.com/search?q=%22Felipe+de+Borb%C3%B3n%22,%22Felipe+de+Borb%C3%B3n%22,
"80844:""2020-06-11T10:53:17Z,2020-06-11T10:48:37Z,#FelizJueves,http://twitter.com/search?q=%23FelizJueves,%23FelizJueves,
80886:""2020-06-11T11:54:17Z",2020-06-11T11:48:40Z,Felipe González,http://twitter.com/search?q=%22Felipe+Gonz%C3%A1lez%22,%22Felipe+Gonz%C3%A1lez%22,
"80970:""2020-06-11T13:56:19Z,2020-06-11T13:48:43Z,Felipe González,http://twitter.com/search?q=%22Felipe+Gonz%C3%A1lez%22,%22Felipe+Gonz%C3%A1lez%22,12938
81016:""2020-06-11T14:57:22Z",2020-06-11T14:48:43Z,Felipe González,http://twitter.com/search?q=%22Felipe+Gonz%C3%A1lez%22,%22Felipe+Gonz%C3%A1lez%22,16235
"81063:""2020-06-11T15:58:24Z,2020-06-11T15:53:44Z,Felipe González,http://twitter.com/search?q=%22Felipe+Gonz%C3%A1lez%22,%22Felipe+Gonz%C3%A1lez%22,19344
81113:""2020-06-11T16:59:26Z",2020-06-11T16:53:45Z,Felipe González,http://twitter.com/search?q=%22Felipe+Gonz%C3%A1lez%22,%22Felipe+Gonz%C3%A1lez%22,21809
"81165:""2020-06-11T18:00:29Z,2020-06-11T17:53:45Z,Felipe González,http://twitter.com/search?q=%22Felipe+Gonz%C3%A1lez%22,%22Felipe+Gonz%C3%A1lez%22,
81307:""2020-06-11T20:02:46Z",2020-06-11T19:58:47Z,#FelipeGonzalez,http://twitter.com/search?q=%23FelipeGonzalez,%23FelipeGonzalez,
"81542:""2020-06-12T04:11:12Z,2020-06-12T04:08:35Z,Felipe González,http://twitter.com/search?q=%22Felipe+Gonz%C3%A1lez%22,%22Felipe+Gonz%C3%A1lez%22,43289
81577:""2020-06-12T05:12:24Z",2020-06-12T05:08:10Z,Felipe González,http://twitter.com/search?q=%22Felipe+Gonz%C3%A1lez%22,%22Felipe+Gonz%C3%A1lez%22,43936
"81613:""2020-06-12T06:13:34Z,2020-06-12T06:08:15Z,#Felices26Bruno,http://twitter.com/search?q=%23Felices26Bruno,%23Felices26Bruno,
81619:""2020-06-12T06:13:34Z",2020-06-12T06:08:15Z,Felipe González,http://twitter.com/search?q=%22Felipe+Gonz%C3%A1lez%22,%22Felipe+Gonz%C3%A1lez%22,44764
"81658:""2020-06-12T07:14:33Z,2020-06-12T07:08:36Z,#Felices26Bruno,http://twitter.com/search?q=%23Felices26Bruno,%23Felices26Bruno,
81666:""2020-06-12T07:14:33Z",2020-06-12T07:08:36Z,Felipe González,http://twitter.com/search?q=%22Felipe+Gonz%C3%A1lez%22,%22Felipe+Gonz%C3%A1lez%22,45742
"81742:""2020-06-12T09:16:33Z,2020-06-12T09:13:36Z,#FelizFinde,http://twitter.com/search?q=%23FelizFinde,%23FelizFinde,
81772:""2020-06-12T09:16:33Z",2020-06-12T09:13:36Z,Felipe González,http://twitter.com/search?q=%22Felipe+Gonz%C3%A1lez%22,%22Felipe+Gonz%C3%A1lez%22,47549
"85597:""2020-06-16T02:47:40Z,2020-06-16T02:45:17Z,Felipe González,http://twitter.com/search?q=%22Felipe+Gonz%C3%A1lez%22,%22Felipe+Gonz%C3%A1lez%22,96178
85643:""2020-06-16T03:48:43Z",2020-06-16T03:45:06Z,Felipe González,http://twitter.com/search?q=%22Felipe+Gonz%C3%A1lez%22,%22Felipe+Gonz%C3%A1lez%22,95862
"85661:""2020-06-16T04:49:44Z,2020-06-16T04:45:06Z,#FelizMartes,http://twitter.com/search?q=%23FelizMartes,%23FelizMartes,
85693:""2020-06-16T04:49:44Z",2020-06-16T04:45:06Z,Felipe González,http://twitter.com/search?q=%22Felipe+Gonz%C3%A1lez%22,%22Felipe+Gonz%C3%A1lez%22,95081
"85711:""2020-06-16T05:50:45Z,2020-06-16T05:45:04Z,#FelizMartes,http://twitter.com/search?q=%23FelizMartes,%23FelizMartes,
85738:""2020-06-16T05:50:45Z",2020-06-16T05:45:04Z,Felipe González,http://twitter.com/search?q=%22Felipe+Gonz%C3%A1lez%22,%22Felipe+Gonz%C3%A1lez%22,92990
"85761:""2020-06-16T06:51:44Z,2020-06-16T06:45:07Z,#FelizMartes,http://twitter.com/search?q=%23FelizMartes,%23FelizMartes,
85785:""2020-06-16T06:51:44Z",2020-06-16T06:45:07Z,Felipe González,http://twitter.com/search?q=%22Felipe+Gonz%C3%A1lez%22,%22Felipe+Gonz%C3%A1lez%22,89733
"85808:""2020-06-16T07:52:43Z,2020-06-16T07:45:08Z,#FelizMartes,http://twitter.com/search?q=%23FelizMartes,%23FelizMartes,
85830:""2020-06-16T07:52:43Z",2020-06-16T07:45:08Z,Felipe González,http://twitter.com/search?q=%22Felipe+Gonz%C3%A1lez%22,%22Felipe+Gonz%C3%A1lez%22,86206
"85855:""2020-06-16T08:53:43Z,2020-06-16T08:50:19Z,#FelizMartes,http://twitter.com/search?q=%23FelizMartes,%23FelizMartes,
85889:""2020-06-16T08:53:43Z",2020-06-16T08:50:19Z,Felipe González,http://twitter.com/search?q=%22Felipe+Gonz%C3%A1lez%22,%22Felipe+Gonz%C3%A1lez%22,82819
"89009:""2020-06-19T09:07:36Z,2020-06-19T09:01:33Z,Felipe VI,http://twitter.com/search?q=%22Felipe+VI%22,%22Felipe+VI%22,
89023:""2020-06-19T09:07:36Z",2020-06-19T09:01:33Z,Rey Felipe,http://twitter.com/search?q=%22Rey+Felipe%22,%22Rey+Felipe%22,
"89060:""2020-06-19T10:08:35Z,2020-06-19T10:01:27Z,#FelizFinde,http://twitter.com/search?q=%23FelizFinde,%23FelizFinde,
89064:""2020-06-19T10:08:35Z",2020-06-19T10:01:27Z,Felipe VI,http://twitter.com/search?q=%22Felipe+VI%22,%22Felipe+VI%22,10645
"89100:""2020-06-19T11:09:35Z,2020-06-19T11:06:27Z,#FelizFinde,http://twitter.com/search?q=%23FelizFinde,%23FelizFinde,
89104:""2020-06-19T11:09:35Z",2020-06-19T11:06:27Z,Felipe VI,http://twitter.com/search?q=%22Felipe+VI%22,%22Felipe+VI%22,12414
"89133:""2020-06-19T12:10:36Z,2020-06-19T12:06:31Z,#FelizFinde,http://twitter.com/search?q=%23FelizFinde,%23FelizFinde,
89140:""2020-06-19T12:10:36Z",2020-06-19T12:06:31Z,Felipe VI,http://twitter.com/search?q=%22Felipe+VI%22,%22Felipe+VI%22,13945
"89787:""2020-06-20T03:26:08Z,2020-06-20T03:21:25Z,#FelizFinde,http://twitter.com/search?q=%23FelizFinde,%23FelizFinde,
89864:""2020-06-20T05:28:07Z",2020-06-20T05:21:23Z,Felipe VI,http://twitter.com/search?q=%22Felipe+VI%22,%22Felipe+VI%22,35201
"91329:""2020-06-21T18:04:37Z,2020-06-21T17:58:50Z,Felipe y Letizia,http://twitter.com/search?q=%22Felipe+y+Letizia%22,%22Felipe+y+Letizia%22,15743
91432:""2020-06-21T20:06:44Z",2020-06-21T19:58:48Z,Felipe y Letizia,http://twitter.com/search?q=%22Felipe+y+Letizia%22,%22Felipe+y+Letizia%22,18562
"91696:""2020-06-22T05:16:01Z,2020-06-22T05:10:03Z,#FelizSemana,http://twitter.com/search?q=%23FelizSemana,%23FelizSemana,
91707:""2020-06-22T05:16:01Z",2020-06-22T05:10:03Z,Felipe y Letizia,http://twitter.com/search?q=%22Felipe+y+Letizia%22,%22Felipe+y+Letizia%22,24297
"91767:""2020-06-22T07:18:00Z,2020-06-22T07:15:07Z,#FelizLunes,http://twitter.com/search?q=%23FelizLunes,%23FelizLunes,
91779:""2020-06-22T07:18:00Z",2020-06-22T07:15:07Z,Felipe y Letizia,http://twitter.com/search?q=%22Felipe+y+Letizia%22,%22Felipe+y+Letizia%22,25700
"91855:""2020-06-22T09:19:59Z,2020-06-22T09:15:09Z,#FelizLunes,http://twitter.com/search?q=%23FelizLunes,%23FelizLunes,
91886:""2020-06-22T09:19:59Z",2020-06-22T09:15:09Z,Felipe y Letizia,http://twitter.com/search?q=%22Felipe+y+Letizia%22,%22Felipe+y+Letizia%22,26531
"94089:""2020-06-24T13:13:40Z,2020-06-24T13:09:20Z,#FelizMiercoles,http://twitter.com/search?q=%23FelizMiercoles,%23FelizMiercoles,14569
94331:""2020-06-24T19:20:01Z",2020-06-24T19:19:26Z,Felipe Reyes,http://twitter.com/search?q=%22Felipe+Reyes%22,%22Felipe+Reyes%22,
"108799:""2020-07-08T08:44:31Z,2020-07-08T08:41:13Z,#FelizMiércoles,http://twitter.com/search?q=%23FelizMi%C3%A9rcoles,%23FelizMi%C3%A9rcoles,
108811:""2020-07-08T08:44:31Z",2020-07-08T08:41:13Z,Felipe VI,http://twitter.com/search?q=%22Felipe+VI%22,%22Felipe+VI%22,13229
"109317:""2020-07-08T19:55:33Z,2020-07-08T19:53:29Z,#PírateYaFelipeVI,http://twitter.com/search?q=%23P%C3%ADrateYaFelipeVI,%23P%C3%ADrateYaFelipeVI,
109356:""2020-07-08T20:56:33Z",2020-07-08T20:53:30Z,#PírateYaFelipeVI,http://twitter.com/search?q=%23P%C3%ADrateYaFelipeVI,%23P%C3%ADrateYaFelipeVI,
"109399:""2020-07-08T21:57:34Z,2020-07-08T21:53:25Z,#PírateYaFelipeVI,http://twitter.com/search?q=%23P%C3%ADrateYaFelipeVI,%23P%C3%ADrateYaFelipeVI,
109438:""2020-07-08T22:58:35Z",2020-07-08T22:53:23Z,#PírateYaFelipeVI,http://twitter.com/search?q=%23P%C3%ADrateYaFelipeVI,%23P%C3%ADrateYaFelipeVI,
"109479:""2020-07-08T23:59:35Z,2020-07-08T23:58:19Z,#PírateYaFelipeVI,http://twitter.com/search?q=%23P%C3%ADrateYaFelipeVI,%23P%C3%ADrateYaFelipeVI,
109570:""2020-07-09T02:01:37Z",2020-07-09T01:53:20Z,#PírateYaFelipeVI,http://twitter.com/search?q=%23P%C3%ADrateYaFelipeVI,%23P%C3%ADrateYaFelipeVI,
"109812:""2020-07-09T07:06:31Z,2020-07-09T06:58:15Z,#FelizMiercoles,http://twitter.com/search?q=%23FelizMiercoles,%23FelizMiercoles,46957
109821:""2020-07-09T07:06:31Z",2020-07-09T06:58:15Z,#PírateYaFelipeVI,http://twitter.com/search?q=%23P%C3%ADrateYaFelipeVI,%23P%C3%ADrateYaFelipeVI,
"109829:""2020-07-09T08:07:28Z,2020-07-09T08:03:15Z,#FelizJueves,http://twitter.com/search?q=%23FelizJueves,%23FelizJueves,
109843:""2020-07-09T08:07:28Z",2020-07-09T08:03:15Z,Felipe VI,http://twitter.com/search?q=%22Felipe+VI%22,%22Felipe+VI%22,
"110301:""2020-07-09T17:16:24Z,2020-07-09T17:08:34Z,Felipe VI,http://twitter.com/search?q=%22Felipe+VI%22,%22Felipe+VI%22,22744
110358:""2020-07-09T18:17:25Z",2020-07-09T18:13:33Z,Felipe VI,http://twitter.com/search?q=%22Felipe+VI%22,%22Felipe+VI%22,24596
"110789:""2020-07-10T04:27:29Z,2020-07-10T04:21:35Z,#FelizJueves,http://twitter.com/search?q=%23FelizJueves,%23FelizJueves,47542
110794:""2020-07-10T04:27:29Z",2020-07-10T04:21:35Z,Felipe VI,http://twitter.com/search?q=%22Felipe+VI%22,%22Felipe+VI%22,32687
"110835:""2020-07-10T05:28:29Z,2020-07-10T05:26:33Z,#FelizJueves,http://twitter.com/search?q=%23FelizJueves,%23FelizJueves,47396
110840:""2020-07-10T05:28:29Z",2020-07-10T05:26:33Z,Felipe VI,http://twitter.com/search?q=%22Felipe+VI%22,%22Felipe+VI%22,32896
"111877:""2020-07-11T03:50:16Z,2020-07-11T03:46:29Z,#FelizFinde,http://twitter.com/search?q=%23FelizFinde,%23FelizFinde,
111912:""2020-07-11T04:51:15Z",2020-07-11T04:46:29Z,Felipe VI,http://twitter.com/search?q=%22Felipe+VI%22,%22Felipe+VI%22,24156
"116799:""2020-07-15T18:39:07Z,2020-07-15T18:32:50Z,Could Felipe,http://twitter.com/search?q=%22Could+Felipe%22,%22Could+Felipe%22,
116823:""2020-07-15T18:39:07Z",2020-07-15T18:32:50Z,#FelipeVIesCómplice,http://twitter.com/search?q=%23FelipeVIesC%C3%B3mplice,%23FelipeVIesC%C3%B3mplice,
"116843:""2020-07-15T19:40:08Z,2020-07-15T19:37:47Z,Could Felipe,http://twitter.com/search?q=%22Could+Felipe%22,%22Could+Felipe%22,
116878:""2020-07-15T19:40:08Z",2020-07-15T19:37:47Z,#FelipeVIesCómplice,http://twitter.com/search?q=%23FelipeVIesC%C3%B3mplice,%23FelipeVIesC%C3%B3mplice,
"116895:""2020-07-15T20:41:09Z,2020-07-15T20:37:48Z,Could Felipe,http://twitter.com/search?q=%22Could+Felipe%22,%22Could+Felipe%22,
116931:""2020-07-15T20:41:09Z",2020-07-15T20:37:48Z,#FelipeVIesCómplice,http://twitter.com/search?q=%23FelipeVIesC%C3%B3mplice,%23FelipeVIesC%C3%B3mplice,
"116950:""2020-07-15T21:42:09Z,2020-07-15T21:37:47Z,Could Felipe,http://twitter.com/search?q=%22Could+Felipe%22,%22Could+Felipe%22,
117009:""2020-07-15T22:43:09Z",2020-07-15T22:37:40Z,Could Felipe,http://twitter.com/search?q=%22Could+Felipe%22,%22Could+Felipe%22,
"117067:""2020-07-15T23:44:08Z,2020-07-15T23:37:34Z,Could Felipe,http://twitter.com/search?q=%22Could+Felipe%22,%22Could+Felipe%22,
117081:""2020-07-15T23:44:08Z",2020-07-15T23:37:34Z,#FelipeVIesCómplice,http://twitter.com/search?q=%23FelipeVIesC%C3%B3mplice,%23FelipeVIesC%C3%B3mplice,
"117123:""2020-07-16T00:45:07Z,2020-07-16T00:42:34Z,Felipe González,http://twitter.com/search?q=%22Felipe+Gonz%C3%A1lez%22,%22Felipe+Gonz%C3%A1lez%22,
117133:""2020-07-16T00:45:07Z",2020-07-16T00:42:34Z,#FelipeVIesCómplice,http://twitter.com/search?q=%23FelipeVIesC%C3%B3mplice,%23FelipeVIesC%C3%B3mplice,
"117338:""2020-07-16T05:50:10Z,2020-07-16T05:47:29Z,#FelizJueves,http://twitter.com/search?q=%23FelizJueves,%23FelizJueves,
117371:""2020-07-16T05:50:10Z",2020-07-16T05:47:29Z,Could Felipe,http://twitter.com/search?q=%22Could+Felipe%22,%22Could+Felipe%22,
"117388:""2020-07-16T06:51:06Z,2020-07-16T06:47:32Z,#FelizJueves,http://twitter.com/search?q=%23FelizJueves,%23FelizJueves,
117400:""2020-07-16T06:51:06Z",2020-07-16T06:47:32Z,Felipe González,http://twitter.com/search?q=%22Felipe+Gonz%C3%A1lez%22,%22Felipe+Gonz%C3%A1lez%22,
"117438:""2020-07-16T07:52:05Z,2020-07-16T07:42:33Z,#FelizJueves,http://twitter.com/search?q=%23FelizJueves,%23FelizJueves,
117449:""2020-07-16T07:52:05Z",2020-07-16T07:42:33Z,Felipe González,http://twitter.com/search?q=%22Felipe+Gonz%C3%A1lez%22,%22Felipe+Gonz%C3%A1lez%22,
"118533:""2020-07-17T10:17:57Z,2020-07-17T10:12:56Z,#FelizFinde,http://twitter.com/search?q=%23FelizFinde,%23FelizFinde,
118540:""2020-07-17T10:17:57Z",2020-07-17T10:12:56Z,Felipe González,http://twitter.com/search?q=%22Felipe+Gonz%C3%A1lez%22,%22Felipe+Gonz%C3%A1lez%22,12757
"118584:""2020-07-17T11:18:55Z,2020-07-17T11:17:54Z,#FelizFinde,http://twitter.com/search?q=%23FelizFinde,%23FelizFinde,
118585:""2020-07-17T11:18:55Z",2020-07-17T11:17:54Z,Felipe González,http://twitter.com/search?q=%22Felipe+Gonz%C3%A1lez%22,%22Felipe+Gonz%C3%A1lez%22,13467
"118634:""2020-07-17T12:19:54Z,2020-07-17T12:17:57Z,#FelizFinde,http://twitter.com/search?q=%23FelizFinde,%23FelizFinde,
118635:""2020-07-17T12:19:54Z",2020-07-17T12:17:57Z,Felipe González,http://twitter.com/search?q=%22Felipe+Gonz%C3%A1lez%22,%22Felipe+Gonz%C3%A1lez%22,14215
"118685:""2020-07-17T13:20:53Z,2020-07-17T13:18:00Z,#FelizFinde,http://twitter.com/search?q=%23FelizFinde,%23FelizFinde,
118687:""2020-07-17T13:20:53Z",2020-07-17T13:18:00Z,Felipe González,http://twitter.com/search?q=%22Felipe+Gonz%C3%A1lez%22,%22Felipe+Gonz%C3%A1lez%22,14758
"119406:""2020-07-18T05:37:30Z,2020-07-18T05:32:46Z,#FelizSabado,http://twitter.com/search?q=%23FelizSabado,%23FelizSabado,
119424:""2020-07-18T05:37:30Z",2020-07-18T05:32:46Z,Felipe González,http://twitter.com/search?q=%22Felipe+Gonz%C3%A1lez%22,%22Felipe+Gonz%C3%A1lez%22,20402
"119505:""2020-07-18T07:39:24Z,2020-07-18T07:32:46Z,#FelizSabado,http://twitter.com/search?q=%23FelizSabado,%23FelizSabado,
119515:""2020-07-18T07:39:24Z",2020-07-18T07:32:46Z,Felipe González,http://twitter.com/search?q=%22Felipe+Gonz%C3%A1lez%22,%22Felipe+Gonz%C3%A1lez%22,21722
"119560:""2020-07-18T08:40:21Z,2020-07-18T08:32:47Z,#FelizAlzamiento,http://twitter.com/search?q=%23FelizAlzamiento,%23FelizAlzamiento,
119570:""2020-07-18T08:40:21Z",2020-07-18T08:32:47Z,Felipe González,http://twitter.com/search?q=%22Felipe+Gonz%C3%A1lez%22,%22Felipe+Gonz%C3%A1lez%22,23277
"119656:""2020-07-18T10:42:15Z,2020-07-18T10:37:49Z,#FelizAlzamiento,http://twitter.com/search?q=%23FelizAlzamiento,%23FelizAlzamiento,
119686:""2020-07-18T10:42:15Z",2020-07-18T10:37:49Z,Felipe González,http://twitter.com/search?q=%22Felipe+Gonz%C3%A1lez%22,%22Felipe+Gonz%C3%A1lez%22,24905
"122801:""2020-07-21T12:53:29Z,2020-07-21T12:48:46Z,Contra Felipe González,http://twitter.com/search?q=%22Contra+Felipe+Gonz%C3%A1lez%22,%22Contra+Felipe+Gonz%C3%A1lez%22,
122854:""2020-07-21T13:54:28Z",2020-07-21T13:48:46Z,Contra Felipe González,http://twitter.com/search?q=%22Contra+Felipe+Gonz%C3%A1lez%22,%22Contra+Felipe+Gonz%C3%A1lez%22,
"122964:""2020-07-21T15:56:52Z,2020-07-21T15:48:39Z,#FelizMartes,http://twitter.com/search?q=%23FelizMartes,%23FelizMartes,23166
123149:""2020-07-21T20:01:55Z",2020-07-21T19:58:40Z,Contra Felipe González,http://twitter.com/search?q=%22Contra+Felipe+Gonz%C3%A1lez%22,%22Contra+Felipe+Gonz%C3%A1lez%22,
"124108:""2020-07-22T15:21:31Z,2020-07-22T15:20:04Z,#FelizMiercoles,http://twitter.com/search?q=%23FelizMiercoles,%23FelizMiercoles,24215
124218:""2020-07-22T18:24:27Z",2020-07-22T18:15:03Z,#YaSobrasFelipeVI,http://twitter.com/search?q=%23YaSobrasFelipeVI,%23YaSobrasFelipeVI,
"124269:""2020-07-22T19:25:25Z,2020-07-22T19:20:06Z,#YaSobrasFelipeVI,http://twitter.com/search?q=%23YaSobrasFelipeVI,%23YaSobrasFelipeVI,
124316:""2020-07-22T20:26:24Z",2020-07-22T20:20:06Z,#YaSobrasFelipeVI,http://twitter.com/search?q=%23YaSobrasFelipeVI,%23YaSobrasFelipeVI,
"124368:""2020-07-22T21:27:23Z,2020-07-22T21:25:04Z,#YaSobrasFelipeVI,http://twitter.com/search?q=%23YaSobrasFelipeVI,%23YaSobrasFelipeVI,
124420:""2020-07-22T22:28:22Z",2020-07-22T22:24:59Z,#YaSobrasFelipeVI,http://twitter.com/search?q=%23YaSobrasFelipeVI,%23YaSobrasFelipeVI,
"124471:""2020-07-22T23:29:18Z,2020-07-22T23:24:58Z,#YaSobrasFelipeVI,http://twitter.com/search?q=%23YaSobrasFelipeVI,%23YaSobrasFelipeVI,
124551:""2020-07-23T00:30:16Z",2020-07-23T00:24:54Z,#YaSobrasFelipeVI,http://twitter.com/search?q=%23YaSobrasFelipeVI,%23YaSobrasFelipeVI,10044
"124715:""2020-07-23T04:34:39Z,2020-07-23T04:29:50Z,#FelizJueves,http://twitter.com/search?q=%23FelizJueves,%23FelizJueves,
124718:""2020-07-23T04:34:39Z",2020-07-23T04:29:50Z,#YaSobrasFelipeVI,http://twitter.com/search?q=%23YaSobrasFelipeVI,%23YaSobrasFelipeVI,10336
"126073:""2020-07-24T10:02:16Z,2020-07-24T09:54:59Z,#FelizFinde,http://twitter.com/search?q=%23FelizFinde,%23FelizFinde,
126075:""2020-07-24T10:02:16Z",2020-07-24T09:54:59Z,Felipe Reyes,http://twitter.com/search?q=%22Felipe+Reyes%22,%22Felipe+Reyes%22,
"139883:""2020-06-11T11:54:17Z,2020-06-11T11:48:40Z,Felipe González,http://twitter.com/search?q=%22Felipe+Gonz%C3%A1lez%22,%22Felipe+Gonz%C3%A1lez%22,
139925:""2020-06-11T12:55:18Z",2020-06-11T12:53:41Z,Felipe González,http://twitter.com/search?q=%22Felipe+Gonz%C3%A1lez%22,%22Felipe+Gonz%C3%A1lez%22,
"139929:""2020-06-11T12:55:18Z,2020-06-11T12:53:41Z,#FelizJueves,http://twitter.com/search?q=%23FelizJueves,%23FelizJueves,14419
139967:""2020-06-11T13:56:19Z",2020-06-11T13:48:43Z,Felipe González,http://twitter.com/search?q=%22Felipe+Gonz%C3%A1lez%22,%22Felipe+Gonz%C3%A1lez%22,12938
"140013:""2020-06-11T14:57:22Z,2020-06-11T14:48:43Z,Felipe González,http://twitter.com/search?q=%22Felipe+Gonz%C3%A1lez%22,%22Felipe+Gonz%C3%A1lez%22,16235
140060:""2020-06-11T15:58:24Z",2020-06-11T15:53:44Z,Felipe González,http://twitter.com/search?q=%22Felipe+Gonz%C3%A1lez%22,%22Felipe+Gonz%C3%A1lez%22,19344
"140110:""2020-06-11T16:59:26Z,2020-06-11T16:53:45Z,Felipe González,http://twitter.com/search?q=%22Felipe+Gonz%C3%A1lez%22,%22Felipe+Gonz%C3%A1lez%22,21809
140162:""2020-06-11T18:00:29Z",2020-06-11T17:53:45Z,Felipe González,http://twitter.com/search?q=%22Felipe+Gonz%C3%A1lez%22,%22Felipe+Gonz%C3%A1lez%22,
"140458:""2020-06-12T02:08:58Z,2020-06-12T02:03:36Z,#Felices26Bruno,http://twitter.com/search?q=%23Felices26Bruno,%23Felices26Bruno,
140539:""2020-06-12T04:11:12Z",2020-06-12T04:08:35Z,Felipe González,http://twitter.com/search?q=%22Felipe+Gonz%C3%A1lez%22,%22Felipe+Gonz%C3%A1lez%22,43289
"140692:""2020-06-12T08:15:33Z,2020-06-12T08:13:36Z,#FelizFinde,http://twitter.com/search?q=%23FelizFinde,%23FelizFinde,
140717:""2020-06-12T08:15:33Z",2020-06-12T08:13:36Z,Felipe González,http://twitter.com/search?q=%22Felipe+Gonz%C3%A1lez%22,%22Felipe+Gonz%C3%A1lez%22,46978
"140990:""2020-06-12T14:21:41Z,2020-06-12T14:18:52Z,#FelizFinde,http://twitter.com/search?q=%23FelizFinde,%23FelizFinde,
141479:""2020-06-13T02:34:17Z",2020-06-13T02:28:39Z,Felipe González,http://twitter.com/search?q=%22Felipe+Gonz%C3%A1lez%22,%22Felipe+Gonz%C3%A1lez%22,22811
"141599:""2020-06-13T05:37:19Z,2020-06-13T05:33:38Z,#FelizSabado,http://twitter.com/search?q=%23FelizSabado,%23FelizSabado,
141623:""2020-06-13T05:37:19Z",2020-06-13T05:33:38Z,Felipe González,http://twitter.com/search?q=%22Felipe+Gonz%C3%A1lez%22,%22Felipe+Gonz%C3%A1lez%22,21487
"141649:""2020-06-13T06:38:18Z,2020-06-13T06:33:40Z,#FelizSabado,http://twitter.com/search?q=%23FelizSabado,%23FelizSabado,
141673:""2020-06-13T06:38:18Z",2020-06-13T06:33:40Z,Felipe González,http://twitter.com/search?q=%22Felipe+Gonz%C3%A1lez%22,%22Felipe+Gonz%C3%A1lez%22,20759
"141699:""2020-06-13T07:39:18Z,2020-06-13T07:33:39Z,#FelizSábado,http://twitter.com/search?q=%23FelizS%C3%A1bado,%23FelizS%C3%A1bado,
141720:""2020-06-13T07:39:18Z",2020-06-13T07:33:39Z,Felipe González,http://twitter.com/search?q=%22Felipe+Gonz%C3%A1lez%22,%22Felipe+Gonz%C3%A1lez%22,19915
"141746:""2020-06-13T08:40:17Z,2020-06-13T08:33:39Z,#FelizSabado,http://twitter.com/search?q=%23FelizSabado,%23FelizSabado,
141771:""2020-06-13T08:40:17Z",2020-06-13T08:33:39Z,Felipe González,http://twitter.com/search?q=%22Felipe+Gonz%C3%A1lez%22,%22Felipe+Gonz%C3%A1lez%22,19122
"141794:""2020-06-13T09:41:16Z,2020-06-13T09:38:39Z,#FelizSabado,http://twitter.com/search?q=%23FelizSabado,%23FelizSabado,10176
141822:""2020-06-13T09:41:16Z",2020-06-13T09:38:39Z,Felipe González,http://twitter.com/search?q=%22Felipe+Gonz%C3%A1lez%22,%22Felipe+Gonz%C3%A1lez%22,18423
"143804:""2020-06-15T09:29:47Z,2020-06-15T09:25:07Z,#FelizLunes,http://twitter.com/search?q=%23FelizLunes,%23FelizLunes,
143847:""2020-06-15T09:29:47Z",2020-06-15T09:25:07Z,#FelipeGonzález,http://twitter.com/search?q=%23FelipeGonz%C3%A1lez,%23FelipeGonz%C3%A1lez,
"144010:""2020-06-15T13:34:04Z,2020-06-15T13:30:36Z,#FelizLunes,http://twitter.com/search?q=%23FelizLunes,%23FelizLunes,18289
144594:""2020-06-16T02:47:40Z",2020-06-16T02:45:17Z,Felipe González,http://twitter.com/search?q=%22Felipe+Gonz%C3%A1lez%22,%22Felipe+Gonz%C3%A1lez%22,96178
"147954:""2020-06-19T08:06:37Z,2020-06-19T08:01:30Z,#FelizFinde,http://twitter.com/search?q=%23FelizFinde,%23FelizFinde,
147959:""2020-06-19T08:06:37Z",2020-06-19T08:01:30Z,Felipe VI,http://twitter.com/search?q=%22Felipe+VI%22,%22Felipe+VI%22,
"148004:""2020-06-19T09:07:36Z,2020-06-19T09:01:33Z,#FelizFinde,http://twitter.com/search?q=%23FelizFinde,%23FelizFinde,
148006:""2020-06-19T09:07:36Z",2020-06-19T09:01:33Z,Felipe VI,http://twitter.com/search?q=%22Felipe+VI%22,%22Felipe+VI%22,
"148137:""2020-06-19T12:10:36Z,2020-06-19T12:06:31Z,Felipe VI,http://twitter.com/search?q=%22Felipe+VI%22,%22Felipe+VI%22,13945
148180:""2020-06-19T13:11:38Z",2020-06-19T13:06:32Z,Felipe VI,http://twitter.com/search?q=%22Felipe+VI%22,%22Felipe+VI%22,15484
"148192:""2020-06-19T13:11:38Z,2020-06-19T13:06:32Z,#FelizFinde,http://twitter.com/search?q=%23FelizFinde,%23FelizFinde,
148221:""2020-06-19T14:12:41Z",2020-06-19T14:11:35Z,Felipe VI,http://twitter.com/search?q=%22Felipe+VI%22,%22Felipe+VI%22,17642
"148290:""2020-06-19T15:13:44Z,2020-06-19T15:11:38Z,#FelizViernesATodos,http://twitter.com/search?q=%23FelizViernesATodos,%23FelizViernesATodos,
148299:""2020-06-19T16:14:47Z",2020-06-19T16:11:39Z,Felipe VI,http://twitter.com/search?q=%22Felipe+VI%22,%22Felipe+VI%22,22866
"148874:""2020-06-20T06:29:06Z,2020-06-20T06:26:23Z,#FelizSabado,http://twitter.com/search?q=%23FelizSabado,%23FelizSabado,
148905:""2020-06-20T06:29:06Z",2020-06-20T06:26:23Z,Felipe VI,http://twitter.com/search?q=%22Felipe+VI%22,%22Felipe+VI%22,34751
"148916:""2020-06-20T07:30:05Z,2020-06-20T07:21:25Z,#FelizSábado,http://twitter.com/search?q=%23FelizS%C3%A1bado,%23FelizS%C3%A1bado,
148950:""2020-06-20T07:30:05Z",2020-06-20T07:21:25Z,Felipe VI,http://twitter.com/search?q=%22Felipe+VI%22,%22Felipe+VI%22,34151
"150309:""2020-06-21T17:03:34Z,2020-06-21T16:58:49Z,#FelizDiaDelPadre,http://twitter.com/search?q=%23FelizDiaDelPadre,%23FelizDiaDelPadre,95421
150326:""2020-06-21T18:04:37Z",2020-06-21T17:58:50Z,Felipe y Letizia,http://twitter.com/search?q=%22Felipe+y+Letizia%22,%22Felipe+y+Letizia%22,15743
"150730:""2020-06-22T06:17:01Z,2020-06-22T06:10:05Z,#FelizSemana,http://twitter.com/search?q=%23FelizSemana,%23FelizSemana,
150739:""2020-06-22T06:17:01Z",2020-06-22T06:10:05Z,Felipe y Letizia,http://twitter.com/search?q=%22Felipe+y+Letizia%22,%22Felipe+y+Letizia%22,24776
"150805:""2020-06-22T08:18:59Z,2020-06-22T08:15:10Z,#FelizLunes,http://twitter.com/search?q=%23FelizLunes,%23FelizLunes,
150823:""2020-06-22T08:18:59Z",2020-06-22T08:15:10Z,Felipe y Letizia,http://twitter.com/search?q=%22Felipe+y+Letizia%22,%22Felipe+y+Letizia%22,26369
"168084:""2020-07-08T14:50:26Z,2020-07-08T14:46:38Z,#FelizMiercoles,http://twitter.com/search?q=%23FelizMiercoles,%23FelizMiercoles,22120
168314:""2020-07-08T19:55:33Z",2020-07-08T19:53:29Z,#PírateYaFelipeVI,http://twitter.com/search?q=%23P%C3%ADrateYaFelipeVI,%23P%C3%ADrateYaFelipeVI,
"168353:""2020-07-08T20:56:33Z,2020-07-08T20:53:30Z,#PírateYaFelipeVI,http://twitter.com/search?q=%23P%C3%ADrateYaFelipeVI,%23P%C3%ADrateYaFelipeVI,
168396:""2020-07-08T21:57:34Z",2020-07-08T21:53:25Z,#PírateYaFelipeVI,http://twitter.com/search?q=%23P%C3%ADrateYaFelipeVI,%23P%C3%ADrateYaFelipeVI,
"168435:""2020-07-08T22:58:35Z,2020-07-08T22:53:23Z,#PírateYaFelipeVI,http://twitter.com/search?q=%23P%C3%ADrateYaFelipeVI,%23P%C3%ADrateYaFelipeVI,
168476:""2020-07-08T23:59:35Z",2020-07-08T23:58:19Z,#PírateYaFelipeVI,http://twitter.com/search?q=%23P%C3%ADrateYaFelipeVI,%23P%C3%ADrateYaFelipeVI,
"168567:""2020-07-09T02:01:37Z,2020-07-09T01:53:20Z,#PírateYaFelipeVI,http://twitter.com/search?q=%23P%C3%ADrateYaFelipeVI,%23P%C3%ADrateYaFelipeVI,
168587:""2020-07-09T03:02:36Z",2020-07-09T02:58:19Z,#PírateYaFelipeVI,http://twitter.com/search?q=%23P%C3%ADrateYaFelipeVI,%23P%C3%ADrateYaFelipeVI,
"168631:""2020-07-09T04:03:38Z,2020-07-09T03:58:16Z,#FelizJueves,http://twitter.com/search?q=%23FelizJueves,%23FelizJueves,
168657:""2020-07-09T04:03:38Z",2020-07-09T03:58:16Z,#PírateYaFelipeVI,http://twitter.com/search?q=%23P%C3%ADrateYaFelipeVI,%23P%C3%ADrateYaFelipeVI,
"168676:""2020-07-09T05:04:36Z,2020-07-09T04:58:15Z,#FelizJueves,http://twitter.com/search?q=%23FelizJueves,%23FelizJueves,
168719:""2020-07-09T05:04:36Z",2020-07-09T04:58:15Z,#PírateYaFelipeVI,http://twitter.com/search?q=%23P%C3%ADrateYaFelipeVI,%23P%C3%ADrateYaFelipeVI,
"168726:""2020-07-09T06:05:34Z,2020-07-09T06:03:16Z,#FelizJueves,http://twitter.com/search?q=%23FelizJueves,%23FelizJueves,
168769:""2020-07-09T06:05:34Z",2020-07-09T06:03:16Z,#PírateYaFelipeVI,http://twitter.com/search?q=%23P%C3%ADrateYaFelipeVI,%23P%C3%ADrateYaFelipeVI,
"168876:""2020-07-09T09:08:25Z,2020-07-09T09:03:18Z,#FelizJueves,http://twitter.com/search?q=%23FelizJueves,%23FelizJueves,
168886:""2020-07-09T09:08:25Z",2020-07-09T09:03:18Z,Felipe VI,http://twitter.com/search?q=%22Felipe+VI%22,%22Felipe+VI%22,10351
"168927:""2020-07-09T10:09:22Z,2020-07-09T10:03:20Z,#FelizJueves,http://twitter.com/search?q=%23FelizJueves,%23FelizJueves,
168938:""2020-07-09T10:09:22Z",2020-07-09T10:03:20Z,Felipe VI,http://twitter.com/search?q=%22Felipe+VI%22,%22Felipe+VI%22,11360
"168979:""2020-07-09T11:10:20Z,2020-07-09T11:03:23Z,#FelizJueves,http://twitter.com/search?q=%23FelizJueves,%23FelizJueves,10056
168993:""2020-07-09T11:10:20Z",2020-07-09T11:03:23Z,Felipe VI,http://twitter.com/search?q=%22Felipe+VI%22,%22Felipe+VI%22,12453
"169032:""2020-07-09T12:11:22Z,2020-07-09T12:03:26Z,#FelizJueves,http://twitter.com/search?q=%23FelizJueves,%23FelizJueves,12341
169044:""2020-07-09T12:11:22Z",2020-07-09T12:03:26Z,Felipe VI,http://twitter.com/search?q=%22Felipe+VI%22,%22Felipe+VI%22,13743
"169087:""2020-07-09T13:12:23Z,2020-07-09T13:08:29Z,#FelizJueves,http://twitter.com/search?q=%23FelizJueves,%23FelizJueves,15868
169094:""2020-07-09T13:12:23Z",2020-07-09T13:08:29Z,Felipe VI,http://twitter.com/search?q=%22Felipe+VI%22,%22Felipe+VI%22,15190
"169165:""2020-07-09T14:13:23Z,2020-07-09T14:08:30Z,#FelizJueves,http://twitter.com/search?q=%23FelizJueves,%23FelizJueves,19806
169195:""2020-07-09T15:14:22Z",2020-07-09T15:08:38Z,Felipe VI,http://twitter.com/search?q=%22Felipe+VI%22,%22Felipe+VI%22,18503
"169220:""2020-07-09T15:14:22Z,2020-07-09T15:08:38Z,#FelizJueves,http://twitter.com/search?q=%23FelizJueves,%23FelizJueves,23467
169246:""2020-07-09T16:15:23Z",2020-07-09T16:08:33Z,Felipe VI,http://twitter.com/search?q=%22Felipe+VI%22,%22Felipe+VI%22,20713
"169273:""2020-07-09T16:15:23Z,2020-07-09T16:08:33Z,#FelizJueves,http://twitter.com/search?q=%23FelizJueves,%23FelizJueves,27085
169298:""2020-07-09T17:16:24Z",2020-07-09T17:08:34Z,Felipe VI,http://twitter.com/search?q=%22Felipe+VI%22,%22Felipe+VI%22,22744
"169355:""2020-07-09T18:17:25Z,2020-07-09T18:13:33Z,Felipe VI,http://twitter.com/search?q=%22Felipe+VI%22,%22Felipe+VI%22,24596
169711:""2020-07-10T02:25:28Z",2020-07-10T02:23:24Z,Felipe VI,http://twitter.com/search?q=%22Felipe+VI%22,%22Felipe+VI%22,32539
"169718:""2020-07-10T02:25:28Z,2020-07-10T02:23:24Z,#FelizJueves,http://twitter.com/search?q=%23FelizJueves,%23FelizJueves,46253
169753:""2020-07-10T03:26:29Z",2020-07-10T03:21:37Z,Felipe VI,http://twitter.com/search?q=%22Felipe+VI%22,%22Felipe+VI%22,32606
"169885:""2020-07-10T06:29:26Z,2020-07-10T06:26:33Z,#FelizJueves,http://twitter.com/search?q=%23FelizJueves,%23FelizJueves,46479
169890:""2020-07-10T06:29:26Z",2020-07-10T06:26:33Z,Felipe VI,http://twitter.com/search?q=%22Felipe+VI%22,%22Felipe+VI%22,33712
"169923:""2020-07-10T07:30:24Z,2020-07-10T07:26:32Z,#FelizFinde,http://twitter.com/search?q=%23FelizFinde,%23FelizFinde,
169943:""2020-07-10T07:30:24Z",2020-07-10T07:26:32Z,Felipe VI,http://twitter.com/search?q=%22Felipe+VI%22,%22Felipe+VI%22,34580
"170447:""2020-07-10T17:40:16Z,2020-07-10T17:36:37Z,#FelizFinde,http://twitter.com/search?q=%23FelizFinde,%23FelizFinde,
170491:""2020-07-10T18:41:15Z",2020-07-10T18:36:35Z,Rey Felipe,http://twitter.com/search?q=%22Rey+Felipe%22,%22Rey+Felipe%22,
"170781:""2020-07-11T01:48:12Z,2020-07-11T01:46:32Z,#FelizFinde,http://twitter.com/search?q=%23FelizFinde,%23FelizFinde,
170822:""2020-07-11T02:49:13Z",2020-07-11T02:41:31Z,Felipe VI,http://twitter.com/search?q=%22Felipe+VI%22,%22Felipe+VI%22,24385
"175784:""2020-07-15T17:38:06Z,2020-07-15T17:32:48Z,#FelizMiercoles,http://twitter.com/search?q=%23FelizMiercoles,%23FelizMiercoles,31062
175796:""2020-07-15T18:39:07Z",2020-07-15T18:32:50Z,Could Felipe,http://twitter.com/search?q=%22Could+Felipe%22,%22Could+Felipe%22,
"175820:""2020-07-15T18:39:07Z,2020-07-15T18:32:50Z,#FelipeVIesCómplice,http://twitter.com/search?q=%23FelipeVIesC%C3%B3mplice,%23FelipeVIesC%C3%B3mplice,
175840:""2020-07-15T19:40:08Z",2020-07-15T19:37:47Z,Could Felipe,http://twitter.com/search?q=%22Could+Felipe%22,%22Could+Felipe%22,
"175875:""2020-07-15T19:40:08Z,2020-07-15T19:37:47Z,#FelipeVIesCómplice,http://twitter.com/search?q=%23FelipeVIesC%C3%B3mplice,%23FelipeVIesC%C3%B3mplice,
175892:""2020-07-15T20:41:09Z",2020-07-15T20:37:48Z,Could Felipe,http://twitter.com/search?q=%22Could+Felipe%22,%22Could+Felipe%22,
"175928:""2020-07-15T20:41:09Z,2020-07-15T20:37:48Z,#FelipeVIesCómplice,http://twitter.com/search?q=%23FelipeVIesC%C3%B3mplice,%23FelipeVIesC%C3%B3mplice,
175947:""2020-07-15T21:42:09Z",2020-07-15T21:37:47Z,Could Felipe,http://twitter.com/search?q=%22Could+Felipe%22,%22Could+Felipe%22,
"176006:""2020-07-15T22:43:09Z,2020-07-15T22:37:40Z,Could Felipe,http://twitter.com/search?q=%22Could+Felipe%22,%22Could+Felipe%22,
176064:""2020-07-15T23:44:08Z",2020-07-15T23:37:34Z,Could Felipe,http://twitter.com/search?q=%22Could+Felipe%22,%22Could+Felipe%22,
"176078:""2020-07-15T23:44:08Z,2020-07-15T23:37:34Z,#FelipeVIesCómplice,http://twitter.com/search?q=%23FelipeVIesC%C3%B3mplice,%23FelipeVIesC%C3%B3mplice,
176120:""2020-07-16T00:45:07Z",2020-07-16T00:42:34Z,Felipe González,http://twitter.com/search?q=%22Felipe+Gonz%C3%A1lez%22,%22Felipe+Gonz%C3%A1lez%22,
"176527:""2020-07-16T09:53:57Z,2020-07-16T09:47:34Z,#FelizJueves,http://twitter.com/search?q=%23FelizJueves,%23FelizJueves,
176538:""2020-07-16T09:53:57Z",2020-07-16T09:47:34Z,Felipe González,http://twitter.com/search?q=%22Felipe+Gonz%C3%A1lez%22,%22Felipe+Gonz%C3%A1lez%22,
"176574:""2020-07-16T10:54:56Z,2020-07-16T10:52:36Z,#FelizJueves,http://twitter.com/search?q=%23FelizJueves,%23FelizJueves,
176588:""2020-07-16T10:54:56Z",2020-07-16T10:52:36Z,Felipe González,http://twitter.com/search?q=%22Felipe+Gonz%C3%A1lez%22,%22Felipe+Gonz%C3%A1lez%22,
"177684:""2020-07-17T13:20:53Z,2020-07-17T13:18:00Z,Felipe González,http://twitter.com/search?q=%22Felipe+Gonz%C3%A1lez%22,%22Felipe+Gonz%C3%A1lez%22,14758
177734:""2020-07-17T14:21:53Z",2020-07-17T14:18:02Z,Felipe González,http://twitter.com/search?q=%22Felipe+Gonz%C3%A1lez%22,%22Felipe+Gonz%C3%A1lez%22,15408
"177739:""2020-07-17T14:21:53Z,2020-07-17T14:18:02Z,#FelizFinde,http://twitter.com/search?q=%23FelizFinde,%23FelizFinde,
177787:""2020-07-17T15:22:54Z",2020-07-17T15:18:06Z,Felipe González,http://twitter.com/search?q=%22Felipe+Gonz%C3%A1lez%22,%22Felipe+Gonz%C3%A1lez%22,15934
"177821:""2020-07-17T15:22:54Z,2020-07-17T15:18:06Z,#FelizViernesATodos,http://twitter.com/search?q=%23FelizViernesATodos,%23FelizViernesATodos,
177837:""2020-07-17T16:24:13Z",2020-07-17T16:23:07Z,Felipe González,http://twitter.com/search?q=%22Felipe+Gonz%C3%A1lez%22,%22Felipe+Gonz%C3%A1lez%22,16834
"177873:""2020-07-17T16:24:13Z,2020-07-17T16:23:07Z,#FelizFinde,http://twitter.com/search?q=%23FelizFinde,%23FelizFinde,
177889:""2020-07-17T17:25:13Z",2020-07-17T17:23:10Z,Felipe González,http://twitter.com/search?q=%22Felipe+Gonz%C3%A1lez%22,%22Felipe+Gonz%C3%A1lez%22,17571
"177921:""2020-07-17T17:25:13Z,2020-07-17T17:23:10Z,#FelizFinde,http://twitter.com/search?q=%23FelizFinde,%23FelizFinde,
177943:""2020-07-17T18:26:13Z",2020-07-17T18:23:09Z,Felipe González,http://twitter.com/search?q=%22Felipe+Gonz%C3%A1lez%22,%22Felipe+Gonz%C3%A1lez%22,18007
"177973:""2020-07-17T18:26:13Z,2020-07-17T18:23:09Z,#FelizViernesATodos,http://twitter.com/search?q=%23FelizViernesATodos,%23FelizViernesATodos,
178000:""2020-07-17T19:27:12Z",2020-07-17T19:23:06Z,Felipe González,http://twitter.com/search?q=%22Felipe+Gonz%C3%A1lez%22,%22Felipe+Gonz%C3%A1lez%22,18483
"178027:""2020-07-17T19:27:12Z,2020-07-17T19:23:06Z,#FelizViernesATodos,http://twitter.com/search?q=%23FelizViernesATodos,%23FelizViernesATodos,10730
178285:""2020-07-18T02:34:27Z",2020-07-18T02:27:50Z,Felipe González,http://twitter.com/search?q=%22Felipe+Gonz%C3%A1lez%22,%22Felipe+Gonz%C3%A1lez%22,20404
"178452:""2020-07-18T06:38:27Z,2020-07-18T06:32:45Z,#FelizSabado,http://twitter.com/search?q=%23FelizSabado,%23FelizSabado,
178470:""2020-07-18T06:38:27Z",2020-07-18T06:32:45Z,Felipe González,http://twitter.com/search?q=%22Felipe+Gonz%C3%A1lez%22,%22Felipe+Gonz%C3%A1lez%22,20548
"178605:""2020-07-18T09:41:18Z,2020-07-18T09:37:49Z,#FelizSabado,http://twitter.com/search?q=%23FelizSabado,%23FelizSabado,
178624:""2020-07-18T09:41:18Z",2020-07-18T09:37:49Z,Felipe González,http://twitter.com/search?q=%22Felipe+Gonz%C3%A1lez%22,%22Felipe+Gonz%C3%A1lez%22,24629
"181771:""2020-07-21T12:53:29Z,2020-07-21T12:48:46Z,#FelizMartes,http://twitter.com/search?q=%23FelizMartes,%23FelizMartes,12606
181798:""2020-07-21T12:53:29Z",2020-07-21T12:48:46Z,Contra Felipe González,http://twitter.com/search?q=%22Contra+Felipe+Gonz%C3%A1lez%22,%22Contra+Felipe+Gonz%C3%A1lez%22,
"182146:""2020-07-21T20:01:55Z,2020-07-21T19:58:40Z,Contra Felipe González,http://twitter.com/search?q=%22Contra+Felipe+Gonz%C3%A1lez%22,%22Contra+Felipe+Gonz%C3%A1lez%22,
182201:""2020-07-21T21:03:10Z",2020-07-21T20:58:40Z,Contra Felipe González,http://twitter.com/search?q=%22Contra+Felipe+Gonz%C3%A1lez%22,%22Contra+Felipe+Gonz%C3%A1lez%22,
"183215:""2020-07-22T18:24:27Z,2020-07-22T18:15:03Z,#YaSobrasFelipeVI,http://twitter.com/search?q=%23YaSobrasFelipeVI,%23YaSobrasFelipeVI,
183266:""2020-07-22T19:25:25Z",2020-07-22T19:20:06Z,#YaSobrasFelipeVI,http://twitter.com/search?q=%23YaSobrasFelipeVI,%23YaSobrasFelipeVI,
"183313:""2020-07-22T20:26:24Z,2020-07-22T20:20:06Z,#YaSobrasFelipeVI,http://twitter.com/search?q=%23YaSobrasFelipeVI,%23YaSobrasFelipeVI,
183365:""2020-07-22T21:27:23Z",2020-07-22T21:25:04Z,#YaSobrasFelipeVI,http://twitter.com/search?q=%23YaSobrasFelipeVI,%23YaSobrasFelipeVI,
"183417:""2020-07-22T22:28:22Z,2020-07-22T22:24:59Z,#YaSobrasFelipeVI,http://twitter.com/search?q=%23YaSobrasFelipeVI,%23YaSobrasFelipeVI,
183468:""2020-07-22T23:29:18Z",2020-07-22T23:24:58Z,#YaSobrasFelipeVI,http://twitter.com/search?q=%23YaSobrasFelipeVI,%23YaSobrasFelipeVI,
"183604:""2020-07-23T01:31:14Z,2020-07-23T01:24:54Z,#Felices21Famous,http://twitter.com/search?q=%23Felices21Famous,%23Felices21Famous,
183646:""2020-07-23T02:32:24Z",2020-07-23T02:24:53Z,#YaSobrasFelipeVI,http://twitter.com/search?q=%23YaSobrasFelipeVI,%23YaSobrasFelipeVI,10205
"183650:""2020-07-23T02:32:24Z,2020-07-23T02:24:53Z,#Felices21Famous,http://twitter.com/search?q=%23Felices21Famous,%23Felices21Famous,
183665:""2020-07-23T03:33:24Z",2020-07-23T03:29:50Z,#YaSobrasFelipeVI,http://twitter.com/search?q=%23YaSobrasFelipeVI,%23YaSobrasFelipeVI,10253
"183759:""2020-07-23T05:35:35Z,2020-07-23T05:29:48Z,#FelizJueves,http://twitter.com/search?q=%23FelizJueves,%23FelizJueves,
183769:""2020-07-23T05:35:35Z",2020-07-23T05:29:48Z,#YaSobrasFelipeVI,http://twitter.com/search?q=%23YaSobrasFelipeVI,%23YaSobrasFelipeVI,10594
"183844:""2020-07-23T06:36:32Z,2020-07-23T06:34:57Z,#FelizMiercoles,http://twitter.com/search?q=%23FelizMiercoles,%23FelizMiercoles,42907
183845:""2020-07-23T06:36:32Z",2020-07-23T06:34:57Z,#YaSobrasFelipeVI,http://twitter.com/search?q=%23YaSobrasFelipeVI,%23YaSobrasFelipeVI,10875
"183859:""2020-07-23T07:37:28Z,2020-07-23T07:34:58Z,#FelizJueves,http://twitter.com/search?q=%23FelizJueves,%23FelizJueves,
183898:""2020-07-23T07:37:28Z",2020-07-23T07:34:58Z,#YaSobrasFelipeVI,http://twitter.com/search?q=%23YaSobrasFelipeVI,%23YaSobrasFelipeVI,11211
"185173:""2020-07-24T12:04:08Z,2020-07-24T11:55:07Z,#FelizFinde,http://twitter.com/search?q=%23FelizFinde,%23FelizFinde,
185184:""2020-07-24T12:04:08Z",2020-07-24T11:55:07Z,Felipe Reyes,http://twitter.com/search?q=%22Felipe+Reyes%22,%22Felipe+Reyes%22,
"185310:""2020-07-24T14:06:04Z,2020-07-24T14:00:12Z,#FelizViernesATodos,http://twitter.com/search?q=%23FelizViernesATodos,%23FelizViernesATodos,
185343:""2020-07-24T15:07:01Z",2020-07-24T15:00:14Z,Felipe Reyes,http://twitter.com/search?q=%22Felipe+Reyes%22,%22Felipe+Reyes%22,
"190821:""2020-09-23T20:25:29Z,2020-09-23T20:20:19Z,#FelizMartes,http://twitter.com/search?q=%23FelizMartes,%23FelizMartes,15391
190831:""2020-09-23T21:26:35Z",2020-09-23T21:25:18Z,Felipe González,http://twitter.com/search?q=%22Felipe+Gonz%C3%A1lez%22,%22Felipe+Gonz%C3%A1lez%22,
"190859:""2020-09-23T22:27:41Z,2020-09-23T22:25:19Z,Felipe González,http://twitter.com/search?q=%22Felipe+Gonz%C3%A1lez%22,%22Felipe+Gonz%C3%A1lez%22,
190878:""2020-09-23T23:28:48Z",2020-09-23T23:21:57Z,Felipe González,http://twitter.com/search?q=%22Felipe+Gonz%C3%A1lez%22,%22Felipe+Gonz%C3%A1lez%22,11123
"190901:""2020-09-24T00:29:55Z,2020-09-24T00:26:53Z,Felipe González,http://twitter.com/search?q=%22Felipe+Gonz%C3%A1lez%22,%22Felipe+Gonz%C3%A1lez%22,11972
190926:""2020-09-24T01:31:04Z",2020-09-24T01:26:51Z,Felipe González,http://twitter.com/search?q=%22Felipe+Gonz%C3%A1lez%22,%22Felipe+Gonz%C3%A1lez%22,12407
"191012:""2020-09-24T03:33:25Z,2020-09-24T03:26:56Z,Felipe González,http://twitter.com/search?q=%22Felipe+Gonz%C3%A1lez%22,%22Felipe+Gonz%C3%A1lez%22,12850
191056:""2020-09-24T04:34:33Z",2020-09-24T04:31:54Z,Felipe González,http://twitter.com/search?q=%22Felipe+Gonz%C3%A1lez%22,%22Felipe+Gonz%C3%A1lez%22,13231
"191308:""2020-09-24T09:40:00Z,2020-09-24T09:36:58Z,Felipe González,http://twitter.com/search?q=%22Felipe+Gonz%C3%A1lez%22,%22Felipe+Gonz%C3%A1lez%22,20107
191314:""2020-09-24T09:40:00Z",2020-09-24T09:36:58Z,Felipe VI,http://twitter.com/search?q=%22Felipe+VI%22,%22Felipe+VI%22,
"191407:""2020-09-24T11:42:23Z,2020-09-24T11:37:03Z,Felipe González,http://twitter.com/search?q=%22Felipe+Gonz%C3%A1lez%22,%22Felipe+Gonz%C3%A1lez%22,23535
191418:""2020-09-24T11:42:23Z",2020-09-24T11:37:03Z,Felipe VI,http://twitter.com/search?q=%22Felipe+VI%22,%22Felipe+VI%22,
"191451:""2020-09-24T12:43:36Z,2020-09-24T12:37:04Z,#FelizJueves,http://twitter.com/search?q=%23FelizJueves,%23FelizJueves,13020
191472:""2020-09-24T12:43:36Z",2020-09-24T12:37:04Z,Felipe VI,http://twitter.com/search?q=%22Felipe+VI%22,%22Felipe+VI%22,
"191503:""2020-09-24T13:44:52Z,2020-09-24T13:37:05Z,#FelizJueves,http://twitter.com/search?q=%23FelizJueves,%23FelizJueves,16897
191507:""2020-09-24T13:44:52Z",2020-09-24T13:37:05Z,Felipe González,http://twitter.com/search?q=%22Felipe+Gonz%C3%A1lez%22,%22Felipe+Gonz%C3%A1lez%22,27377
"191583:""2020-09-24T14:46:05Z,2020-09-24T14:37:05Z,#FelizJueves,http://twitter.com/search?q=%23FelizJueves,%23FelizJueves,21700
191613:""2020-09-24T15:47:16Z",2020-09-24T15:42:05Z,Felipe González,http://twitter.com/search?q=%22Felipe+Gonz%C3%A1lez%22,%22Felipe+Gonz%C3%A1lez%22,30166
"192246:""2020-09-25T07:03:43Z,2020-09-25T06:58:12Z,#FelizViernesATodos,http://twitter.com/search?q=%23FelizViernesATodos,%23FelizViernesATodos,
192260:""2020-09-25T07:03:43Z",2020-09-25T06:58:12Z,Felipe González,http://twitter.com/search?q=%22Felipe+Gonz%C3%A1lez%22,%22Felipe+Gonz%C3%A1lez%22,26151
"192299:""2020-09-25T08:04:45Z,2020-09-25T08:03:15Z,Felipe VI,http://twitter.com/search?q=%22Felipe+VI%22,%22Felipe+VI%22,12806
192308:""2020-09-25T08:04:45Z",2020-09-25T08:03:15Z,Felipe González,http://twitter.com/search?q=%22Felipe+Gonz%C3%A1lez%22,%22Felipe+Gonz%C3%A1lez%22,23373
"192337:""2020-09-25T09:05:46Z,2020-09-25T09:03:14Z,#FelizFinde,http://twitter.com/search?q=%23FelizFinde,%23FelizFinde,
192350:""2020-09-25T09:05:46Z",2020-09-25T09:03:14Z,Felipe VI,http://twitter.com/search?q=%22Felipe+VI%22,%22Felipe+VI%22,13408
"192360:""2020-09-25T09:05:46Z,2020-09-25T09:03:14Z,Felipe González,http://twitter.com/search?q=%22Felipe+Gonz%C3%A1lez%22,%22Felipe+Gonz%C3%A1lez%22,22244
192401:""2020-09-25T10:06:50Z",2020-09-25T10:03:16Z,Felipe VI,http://twitter.com/search?q=%22Felipe+VI%22,%22Felipe+VI%22,13866
"192436:""2020-09-25T11:08:04Z,2020-09-25T11:03:18Z,#FelizFinde,http://twitter.com/search?q=%23FelizFinde,%23FelizFinde,
192450:""2020-09-25T11:08:04Z",2020-09-25T11:03:18Z,Felipe VI,http://twitter.com/search?q=%22Felipe+VI%22,%22Felipe+VI%22,14299
"192728:""2020-09-25T16:13:42Z,2020-09-25T16:08:24Z,#FelizViernesATodos,http://twitter.com/search?q=%23FelizViernesATodos,%23FelizViernesATodos,10705
192755:""2020-09-25T17:14:50Z",2020-09-25T17:08:24Z,Felipe González,http://twitter.com/search?q=%22Felipe+Gonz%C3%A1lez%22,%22Felipe+Gonz%C3%A1lez%22,10893
"192946:""2020-09-25T21:19:17Z,2020-09-25T21:14:35Z,Rey Felipe,http://twitter.com/search?q=%22Rey+Felipe%22,%22Rey+Felipe%22,11318
192965:""2020-09-25T21:19:17Z",2020-09-25T21:14:35Z,#FelipeVI,http://twitter.com/search?q=%23FelipeVI,%23FelipeVI,
"193190:""2020-09-26T02:24:53Z,2020-09-26T02:19:21Z,Felipe VI,http://twitter.com/search?q=%22Felipe+VI%22,%22Felipe+VI%22,49640
193198:""2020-09-26T02:24:53Z",2020-09-26T02:19:21Z,Rey Felipe,http://twitter.com/search?q=%22Rey+Felipe%22,%22Rey+Felipe%22,14738
"193221:""2020-09-26T02:24:53Z,2020-09-26T02:19:21Z,#FelizFinde,http://twitter.com/search?q=%23FelizFinde,%23FelizFinde,
193239:""2020-09-26T03:26:02Z",2020-09-26T03:19:20Z,Felipe VI,http://twitter.com/search?q=%22Felipe+VI%22,%22Felipe+VI%22,49895
"193540:""2020-09-26T09:32:32Z,2020-09-26T09:29:48Z,Felipe VI,http://twitter.com/search?q=%22Felipe+VI%22,%22Felipe+VI%22,57752
193577:""2020-09-26T09:32:32Z",2020-09-26T09:29:48Z,#FelipeVI,http://twitter.com/search?q=%23FelipeVI,%23FelipeVI,
"193581:""2020-09-26T10:33:37Z,2020-09-26T10:29:50Z,#FelizSabado,http://twitter.com/search?q=%23FelizSabado,%23FelizSabado,
193599:""2020-09-26T10:33:37Z",2020-09-26T10:29:50Z,Rey Felipe,http://twitter.com/search?q=%22Rey+Felipe%22,%22Rey+Felipe%22,17865
"193685:""2020-09-26T12:35:46Z,2020-09-26T12:29:58Z,#FelizSabado,http://twitter.com/search?q=%23FelizSabado,%23FelizSabado,10727
193701:""2020-09-26T12:35:46Z",2020-09-26T12:29:58Z,Felipe VI,http://twitter.com/search?q=%22Felipe+VI%22,%22Felipe+VI%22,64964
"194306:""2020-09-27T02:51:08Z,2020-09-27T02:44:53Z,Felipe VI,http://twitter.com/search?q=%22Felipe+VI%22,%22Felipe+VI%22,57961
194353:""2020-09-27T03:52:16Z",2020-09-27T03:44:51Z,Felipe VI,http://twitter.com/search?q=%22Felipe+VI%22,%22Felipe+VI%22,57811
"194397:""2020-09-27T04:53:23Z,2020-09-27T04:44:48Z,Felipe VI,http://twitter.com/search?q=%22Felipe+VI%22,%22Felipe+VI%22,57415
194444:""2020-09-27T05:54:27Z",2020-09-27T05:44:45Z,Felipe VI,http://twitter.com/search?q=%22Felipe+VI%22,%22Felipe+VI%22,56580
"194570:""2020-09-27T08:57:34Z,2020-09-27T08:49:51Z,#FelizDomingo,http://twitter.com/search?q=%23FelizDomingo,%23FelizDomingo,
194593:""2020-09-27T08:57:34Z",2020-09-27T08:49:51Z,Felipe VI,http://twitter.com/search?q=%22Felipe+VI%22,%22Felipe+VI%22,52880
"195622:""2020-09-28T11:26:14Z,2020-09-28T11:21:54Z,Felipe VI,http://twitter.com/search?q=%22Felipe+VI%22,%22Felipe+VI%22,38227
195665:""2020-09-28T12:27:20Z",2020-09-28T12:22:03Z,Felipe VI,http://twitter.com/search?q=%22Felipe+VI%22,%22Felipe+VI%22,43898
"195667:""2020-09-28T12:27:20Z,2020-09-28T12:22:03Z,#FelizLunes,http://twitter.com/search?q=%23FelizLunes,%23FelizLunes,14284
195708:""2020-09-28T13:28:24Z",2020-09-28T13:27:12Z,Felipe VI,http://twitter.com/search?q=%22Felipe+VI%22,%22Felipe+VI%22,50510
"195711:""2020-09-28T13:28:24Z,2020-09-28T13:27:12Z,#FelizLunes,http://twitter.com/search?q=%23FelizLunes,%23FelizLunes,18853
195755:""2020-09-28T14:29:31Z",2020-09-28T14:22:19Z,Felipe VI,http://twitter.com/search?q=%22Felipe+VI%22,%22Felipe+VI%22,55565
"196069:""2020-09-28T20:36:10Z,2020-09-28T20:33:42Z,#FelizLunes,http://twitter.com/search?q=%23FelizLunes,%23FelizLunes,43802
196187:""2020-09-28T23:39:41Z",2020-09-28T23:33:32Z,Felipe VI,http://twitter.com/search?q=%22Felipe+VI%22,%22Felipe+VI%22,89649
"196202:""2020-09-28T23:39:41Z,2020-09-28T23:33:32Z,#FelizLunes,http://twitter.com/search?q=%23FelizLunes,%23FelizLunes,48284
196230:""2020-09-29T00:40:50Z",2020-09-29T00:38:24Z,Felipe VI,http://twitter.com/search?q=%22Felipe+VI%22,%22Felipe+VI%22,90428
"196246:""2020-09-29T00:40:50Z,2020-09-29T00:38:24Z,#FelizLunes,http://twitter.com/search?q=%23FelizLunes,%23FelizLunes,49562
196272:""2020-09-29T01:41:58Z",2020-09-29T01:33:28Z,Felipe VI,http://twitter.com/search?q=%22Felipe+VI%22,%22Felipe+VI%22,90772
"196323:""2020-09-29T02:43:09Z,2020-09-29T02:38:25Z,Felipe VI,http://twitter.com/search?q=%22Felipe+VI%22,%22Felipe+VI%22,90967
196409:""2020-09-29T04:45:25Z",2020-09-29T04:37:58Z,Felipe VI,http://twitter.com/search?q=%22Felipe+VI%22,%22Felipe+VI%22,91513
"196452:""2020-09-29T05:46:28Z,2020-09-29T05:42:57Z,#FelizMartes,http://twitter.com/search?q=%23FelizMartes,%23FelizMartes,
196461:""2020-09-29T05:46:28Z",2020-09-29T05:42:57Z,Felipe VI,http://twitter.com/search?q=%22Felipe+VI%22,%22Felipe+VI%22,92463
"196502:""2020-09-29T06:47:31Z,2020-09-29T06:42:59Z,#FelizMartes,http://twitter.com/search?q=%23FelizMartes,%23FelizMartes,
196513:""2020-09-29T06:47:31Z",2020-09-29T06:42:59Z,Felipe VI,http://twitter.com/search?q=%22Felipe+VI%22,%22Felipe+VI%22,93859
"196551:""2020-09-29T07:48:34Z,2020-09-29T07:42:58Z,#FelizMartes,http://twitter.com/search?q=%23FelizMartes,%23FelizMartes,
196564:""2020-09-29T07:48:34Z",2020-09-29T07:42:58Z,Felipe VI,http://twitter.com/search?q=%22Felipe+VI%22,%22Felipe+VI%22,95137
"196940:""2020-09-29T14:56:17Z,2020-09-29T14:53:24Z,#FelizMartes,http://twitter.com/search?q=%23FelizMartes,%23FelizMartes,22675
196976:""2020-09-29T15:57:25Z",2020-09-29T15:55:41Z,Felipe VI,http://twitter.com/search?q=%22Felipe+VI%22,%22Felipe+VI%22,52659
"205636:""2020-10-07T19:32:16Z,2020-10-07T19:26:58Z,Felipe González,http://twitter.com/search?q=%22Felipe+Gonz%C3%A1lez%22,%22Felipe+Gonz%C3%A1lez%22,
205692:""2020-10-07T20:33:22Z",2020-10-07T20:26:56Z,Felipe González,http://twitter.com/search?q=%22Felipe+Gonz%C3%A1lez%22,%22Felipe+Gonz%C3%A1lez%22,
"220263:""2020-10-28T11:22:21Z,2020-10-27T20:36:46Z,#FelizMiercoles,http://twitter.com/search?q=%23FelizMiercoles,%23FelizMiercoles,
220270:""2020-10-28T11:22:21Z",2020-10-27T20:36:46Z,Felipe González,http://twitter.com/search?q=%22Felipe+Gonz%C3%A1lez%22,%22Felipe+Gonz%C3%A1lez%22,
"220368:""2020-10-28T13:24:27Z,2020-10-27T20:36:46Z,#FelizMiercoles,http://twitter.com/search?q=%23FelizMiercoles,%23FelizMiercoles,15536
220373:""2020-10-28T13:24:27Z",2020-10-27T20:36:46Z,Felipe González,http://twitter.com/search?q=%22Felipe+Gonz%C3%A1lez%22,%22Felipe+Gonz%C3%A1lez%22,
"220431:""2020-10-28T14:25:33Z,2020-10-27T20:36:46Z,Felipe González,http://twitter.com/search?q=%22Felipe+Gonz%C3%A1lez%22,%22Felipe+Gonz%C3%A1lez%22,
220487:""2020-10-28T15:26:39Z",2020-10-27T17:53:22Z,Felipe González,http://twitter.com/search?q=%22Felipe+Gonz%C3%A1lez%22,%22Felipe+Gonz%C3%A1lez%22,
"220539:""2020-10-28T16:27:43Z,2020-10-27T17:53:22Z,Felipe González,http://twitter.com/search?q=%22Felipe+Gonz%C3%A1lez%22,%22Felipe+Gonz%C3%A1lez%22,
220604:""2020-10-28T17:28:48Z",2020-10-27T20:36:46Z,Felipe González,http://twitter.com/search?q=%22Felipe+Gonz%C3%A1lez%22,%22Felipe+Gonz%C3%A1lez%22,
"220655:""2020-10-28T18:29:52Z,2020-10-27T20:36:46Z,Felipe González,http://twitter.com/search?q=%22Felipe+Gonz%C3%A1lez%22,%22Felipe+Gonz%C3%A1lez%22,
220723:""2020-10-28T20:32:04Z",2020-10-24T14:19:50Z,#EcharAFelipeVI,http://twitter.com/search?q=%23EcharAFelipeVI,%23EcharAFelipeVI,
"220774:""2020-10-28T21:33:08Z,2020-10-28T06:16:27Z,#EcharAFelipeVI,http://twitter.com/search?q=%23EcharAFelipeVI,%23EcharAFelipeVI,
220823:""2020-10-28T22:34:13Z",2020-10-28T06:47:09Z,#EcharAFelipeVI,http://twitter.com/search?q=%23EcharAFelipeVI,%23EcharAFelipeVI,
"220870:""2020-10-28T23:35:18Z,2020-10-28T06:47:09Z,#EcharAFelipeVI,http://twitter.com/search?q=%23EcharAFelipeVI,%23EcharAFelipeVI,10068
220920:""2020-10-29T00:36:21Z",2020-10-28T06:47:09Z,#EcharAFelipeVI,http://twitter.com/search?q=%23EcharAFelipeVI,%23EcharAFelipeVI,10368
"220970:""2020-10-29T01:37:25Z,2020-10-28T06:47:09Z,#EcharAFelipeVI,http://twitter.com/search?q=%23EcharAFelipeVI,%23EcharAFelipeVI,10496
221020:""2020-10-29T02:38:34Z",2020-10-28T06:47:09Z,#EcharAFelipeVI,http://twitter.com/search?q=%23EcharAFelipeVI,%23EcharAFelipeVI,10573
"239227:""2020-11-13T13:13:21Z,2020-11-10T13:04:53Z,#FelizFinde,http://twitter.com/search?q=%23FelizFinde,%23FelizFinde,
239396:""2020-11-13T17:17:42Z",2020-11-12T11:23:50Z,Felipe González,http://twitter.com/search?q=%22Felipe+Gonz%C3%A1lez%22,%22Felipe+Gonz%C3%A1lez%22,
"239446:""2020-11-13T18:18:45Z,2020-11-12T11:23:50Z,Felipe González,http://twitter.com/search?q=%22Felipe+Gonz%C3%A1lez%22,%22Felipe+Gonz%C3%A1lez%22,
239498:""2020-11-13T19:19:49Z",2020-11-12T17:19:40Z,Felipe González,http://twitter.com/search?q=%22Felipe+Gonz%C3%A1lez%22,%22Felipe+Gonz%C3%A1lez%22,
"239557:""2020-11-13T20:20:53Z,2020-11-13T01:43:49Z,Felipe González,http://twitter.com/search?q=%22Felipe+Gonz%C3%A1lez%22,%22Felipe+Gonz%C3%A1lez%22,
239617:""2020-11-13T21:21:57Z",2020-11-08T21:09:35Z,Felipe González,http://twitter.com/search?q=%22Felipe+Gonz%C3%A1lez%22,%22Felipe+Gonz%C3%A1lez%22,
"240230:""2020-11-14T10:35:55Z,2020-11-12T18:00:00Z,#FelizSabado,http://twitter.com/search?q=%23FelizSabado,%23FelizSabado,
240264:""2020-11-14T10:35:55Z",2020-11-12T18:00:00Z,Felipe González,http://twitter.com/search?q=%22Felipe+Gonz%C3%A1lez%22,%22Felipe+Gonz%C3%A1lez%22,
"240281:""2020-11-14T11:36:57Z,2020-11-13T12:46:03Z,#FelizSabado,http://twitter.com/search?q=%23FelizSabado,%23FelizSabado,
240315:""2020-11-14T11:36:57Z",2020-11-13T12:46:03Z,Felipe González,http://twitter.com/search?q=%22Felipe+Gonz%C3%A1lez%22,%22Felipe+Gonz%C3%A1lez%22,
"240332:""2020-11-14T12:38:00Z,2020-11-12T18:00:00Z,#FelizSabado,http://twitter.com/search?q=%23FelizSabado,%23FelizSabado,
240379:""2020-11-14T12:38:00Z",2020-11-12T18:00:00Z,Felipe González,http://twitter.com/search?q=%22Felipe+Gonz%C3%A1lez%22,%22Felipe+Gonz%C3%A1lez%22,
"250783:""2020-11-23T12:01:45Z,2020-11-22T14:32:18Z,#FelizLunes,http://twitter.com/search?q=%23FelizLunes,%23FelizLunes,
251181:""2020-11-23T20:13:00Z",2020-11-22T16:13:29Z,Felipe VI,http://twitter.com/search?q=%22Felipe+VI%22,%22Felipe+VI%22,
"251233:""2020-11-23T21:14:27Z,2020-11-22T15:01:33Z,Felipe VI,http://twitter.com/search?q=%22Felipe+VI%22,%22Felipe+VI%22,
251290:""2020-11-23T22:15:53Z",2020-11-23T11:09:01Z,Felipe VI,http://twitter.com/search?q=%22Felipe+VI%22,%22Felipe+VI%22,
"251342:""2020-11-23T23:17:16Z,2020-11-22T15:01:33Z,Felipe VI,http://twitter.com/search?q=%22Felipe+VI%22,%22Felipe+VI%22,
251395:""2020-11-24T00:18:40Z",2020-11-22T15:01:33Z,Felipe VI,http://twitter.com/search?q=%22Felipe+VI%22,%22Felipe+VI%22,
"251446:""2020-11-24T01:20:03Z,2020-11-22T15:01:33Z,Felipe VI,http://twitter.com/search?q=%22Felipe+VI%22,%22Felipe+VI%22,
251495:""2020-11-24T02:21:30Z",2020-11-22T15:01:33Z,Felipe VI,http://twitter.com/search?q=%22Felipe+VI%22,%22Felipe+VI%22,
"251547:""2020-11-24T03:22:58Z,2020-11-18T03:19:47Z,Felipe VI,http://twitter.com/search?q=%22Felipe+VI%22,%22Felipe+VI%22,
251596:""2020-11-24T04:24:23Z",2020-11-08T00:00:53Z,Felipe VI,http://twitter.com/search?q=%22Felipe+VI%22,%22Felipe+VI%22,
"252014:""2020-11-24T12:35:26Z,2020-11-22T21:33:33Z,#FelizMartes,http://twitter.com/search?q=%23FelizMartes,%23FelizMartes,10057
252066:""2020-11-24T13:36:51Z",2020-11-23T11:06:01Z,Rey Felipe,http://twitter.com/search?q=%22Rey+Felipe%22,%22Rey+Felipe%22,
"254369:""2020-11-26T13:37:36Z,2020-11-24T13:49:56Z,Felipe González,http://twitter.com/search?q=%22Felipe+Gonz%C3%A1lez%22,%22Felipe+Gonz%C3%A1lez%22,
254418:""2020-11-26T14:38:51Z",2020-11-24T13:49:56Z,Felipe González,http://twitter.com/search?q=%22Felipe+Gonz%C3%A1lez%22,%22Felipe+Gonz%C3%A1lez%22,
"254468:""2020-11-26T15:40:08Z,2020-11-24T13:49:56Z,Felipe González,http://twitter.com/search?q=%22Felipe+Gonz%C3%A1lez%22,%22Felipe+Gonz%C3%A1lez%22,
254518:""2020-11-26T16:41:24Z",2020-11-24T13:49:56Z,Felipe González,http://twitter.com/search?q=%22Felipe+Gonz%C3%A1lez%22,%22Felipe+Gonz%C3%A1lez%22,
"254570:""2020-11-26T17:42:40Z,2020-11-24T13:49:56Z,Felipe González,http://twitter.com/search?q=%22Felipe+Gonz%C3%A1lez%22,%22Felipe+Gonz%C3%A1lez%22,11145
254618:""2020-11-26T18:43:55Z",2020-11-24T13:49:56Z,Felipe González,http://twitter.com/search?q=%22Felipe+Gonz%C3%A1lez%22,%22Felipe+Gonz%C3%A1lez%22,13094
"254672:""2020-11-26T19:45:11Z,2020-11-24T13:49:56Z,Felipe González,http://twitter.com/search?q=%22Felipe+Gonz%C3%A1lez%22,%22Felipe+Gonz%C3%A1lez%22,15065
254724:""2020-11-26T20:46:27Z",2020-11-24T13:49:56Z,Felipe González,http://twitter.com/search?q=%22Felipe+Gonz%C3%A1lez%22,%22Felipe+Gonz%C3%A1lez%22,17044
"254775:""2020-11-26T21:47:42Z,2020-11-24T13:49:56Z,Felipe González,http://twitter.com/search?q=%22Felipe+Gonz%C3%A1lez%22,%22Felipe+Gonz%C3%A1lez%22,19094
254833:""2020-11-26T22:48:58Z",2020-11-24T13:49:56Z,Felipe González,http://twitter.com/search?q=%22Felipe+Gonz%C3%A1lez%22,%22Felipe+Gonz%C3%A1lez%22,21095
"254891:""2020-11-26T23:50:12Z,2020-11-24T13:49:56Z,Felipe González,http://twitter.com/search?q=%22Felipe+Gonz%C3%A1lez%22,%22Felipe+Gonz%C3%A1lez%22,22284
254961:""2020-11-27T00:51:27Z",2020-11-24T13:49:56Z,Felipe González,http://twitter.com/search?q=%22Felipe+Gonz%C3%A1lez%22,%22Felipe+Gonz%C3%A1lez%22,22873
"284383:""2020-12-22T08:04:13Z,2020-11-22T08:32:30Z,#FelizMartes,http://twitter.com/search?q=%23FelizMartes,%23FelizMartes,
284385:""2020-12-22T08:04:13Z",2020-11-22T08:32:30Z,#MiReyEsFelipeVI,http://twitter.com/search?q=%23MiReyEsFelipeVI,%23MiReyEsFelipeVI,
"284498:""2020-12-22T10:06:47Z,2020-12-20T19:54:20Z,#FelicesFiestas,http://twitter.com/search?q=%23FelicesFiestas,%23FelicesFiestas,
284506:""2020-12-22T11:08:06Z",2020-12-20T19:54:20Z,#MiReyEsFelipeVI,http://twitter.com/search?q=%23MiReyEsFelipeVI,%23MiReyEsFelipeVI,
"284534:""2020-12-22T11:08:06Z,2020-12-20T19:54:20Z,Feliz 2021,http://twitter.com/search?q=%22Feliz+2021%22,%22Feliz+2021%22,13723
284554:""2020-12-22T12:09:24Z",2020-12-20T19:54:20Z,#MiReyEsFelipeVI,http://twitter.com/search?q=%23MiReyEsFelipeVI,%23MiReyEsFelipeVI,
"284589:""2020-12-22T12:09:24Z,2020-12-20T19:54:20Z,Feliz 2021,http://twitter.com/search?q=%22Feliz+2021%22,%22Feliz+2021%22,13325
284602:""2020-12-22T13:10:43Z",2020-12-20T19:54:20Z,#MiReyEsFelipeVI,http://twitter.com/search?q=%23MiReyEsFelipeVI,%23MiReyEsFelipeVI,
"286302:""2020-12-23T23:56:27Z,2020-12-23T02:28:35Z,#ApagaAFelipeVI,http://twitter.com/search?q=%23ApagaAFelipeVI,%23ApagaAFelipeVI,20933
286351:""2020-12-24T00:57:49Z",2020-12-23T02:28:35Z,#ApagaAFelipeVI,http://twitter.com/search?q=%23ApagaAFelipeVI,%23ApagaAFelipeVI,22261
"286400:""2020-12-24T01:59:13Z,2020-12-23T02:28:35Z,#ApagaAFelipeVI,http://twitter.com/search?q=%23ApagaAFelipeVI,%23ApagaAFelipeVI,23044
286451:""2020-12-24T03:00:36Z",2020-12-23T02:28:35Z,#ApagaAFelipeVI,http://twitter.com/search?q=%23ApagaAFelipeVI,%23ApagaAFelipeVI,23447
"286502:""2020-12-24T04:02:00Z,2020-12-23T01:16:13Z,#ApagaAFelipeVI,http://twitter.com/search?q=%23ApagaAFelipeVI,%23ApagaAFelipeVI,23717
286545:""2020-12-24T05:03:22Z",2020-12-23T02:28:35Z,#ApagaAFelipeVI,http://twitter.com/search?q=%23ApagaAFelipeVI,%23ApagaAFelipeVI,23891
"286767:""2020-12-24T10:09:57Z,2020-12-17T21:33:15Z,#FelizJueves,http://twitter.com/search?q=%23FelizJueves,%23FelizJueves,
286774:""2020-12-24T10:09:57Z",2020-12-17T21:33:15Z,Felipe VI,http://twitter.com/search?q=%22Felipe+VI%22,%22Felipe+VI%22,
"286860:""2020-12-24T12:12:31Z,2020-12-17T21:33:15Z,#FelizJueves,http://twitter.com/search?q=%23FelizJueves,%23FelizJueves,
286863:""2020-12-24T12:12:31Z",2020-12-17T21:33:15Z,Felipe VI,http://twitter.com/search?q=%22Felipe+VI%22,%22Felipe+VI%22,11573
"286906:""2020-12-24T13:13:49Z,2020-12-17T21:33:15Z,Felipe IV,http://twitter.com/search?q=%22Felipe+IV%22,%22Felipe+IV%22,
286915:""2020-12-24T13:13:49Z",2020-12-17T21:33:15Z,Felipe VI,http://twitter.com/search?q=%22Felipe+VI%22,%22Felipe+VI%22,12467
"287445:""2020-12-25T00:28:22Z,2020-12-17T21:33:15Z,Feliz Navidad,http://twitter.com/search?q=%22Feliz+Navidad%22,%22Feliz+Navidad%22,1093100
287461:""2020-12-25T00:28:22Z",2020-12-17T21:33:15Z,Felipe IV,http://twitter.com/search?q=%22Felipe+IV%22,%22Felipe+IV%22,11619
"287595:""2020-12-25T03:32:23Z,2020-12-17T21:33:15Z,Feliz Navidad,http://twitter.com/search?q=%22Feliz+Navidad%22,%22Feliz+Navidad%22,1284277
287601:""2020-12-25T03:32:23Z",2020-12-17T21:33:15Z,Felipe VI,http://twitter.com/search?q=%22Felipe+VI%22,%22Felipe+VI%22,49456
"287781:""2020-12-25T07:37:51Z,2020-11-26T14:34:05Z,Feliz Navidad,http://twitter.com/search?q=%22Feliz+Navidad%22,%22Feliz+Navidad%22,1509474
287788:""2020-12-25T07:37:51Z",2020-11-26T14:34:05Z,Felipe VI,http://twitter.com/search?q=%22Felipe+VI%22,%22Felipe+VI%22,51726
"287816:""2020-12-25T07:37:51Z,2020-11-26T14:34:05Z,Feliz Natividad del Señor,http://twitter.com/search?q=%22Feliz+Natividad+del+Se%C3%B1or%22,%22Feliz+Natividad+del+Se%C3%B1or%22,
287822:""2020-12-25T07:37:51Z",2020-11-26T14:34:05Z,Felipe IV,http://twitter.com/search?q=%22Felipe+IV%22,%22Felipe+IV%22,12698
"287831:""2020-12-25T08:39:09Z,2020-11-26T14:34:05Z,Feliz Navidad,http://twitter.com/search?q=%22Feliz+Navidad%22,%22Feliz+Navidad%22,1830169
287832:""2020-12-25T08:39:09Z",2020-11-26T14:34:05Z,Felipe VI,http://twitter.com/search?q=%22Felipe+VI%22,%22Felipe+VI%22,54007
"287860:""2020-12-25T08:39:09Z,2020-11-26T14:34:05Z,Feliz Natividad del Señor,http://twitter.com/search?q=%22Feliz+Natividad+del+Se%C3%B1or%22,%22Feliz+Natividad+del+Se%C3%B1or%22,
287861:""2020-12-25T08:39:09Z",2020-11-26T14:34:05Z,Rey Felipe,http://twitter.com/search?q=%22Rey+Felipe%22,%22Rey+Felipe%22,26467
"287934:""2020-12-25T10:41:44Z,2020-12-17T21:33:15Z,#FelizNavidad,http://twitter.com/search?q=%23FelizNavidad,%23FelizNavidad,154000
287935:""2020-12-25T10:41:44Z",2020-12-17T21:33:15Z,Felipe VI,http://twitter.com/search?q=%22Felipe+VI%22,%22Felipe+VI%22,60899
"287972:""2020-12-25T11:43:02Z,2020-12-17T21:33:15Z,#PcComponentesFelizNavidad,http://twitter.com/search?q=%23PcComponentesFelizNavidad,%23PcComponentesFelizNavidad,
287978:""2020-12-25T11:43:02Z",2020-12-17T21:33:15Z,Felipe VI,http://twitter.com/search?q=%22Felipe+VI%22,%22Felipe+VI%22,64016
"288020:""2020-12-25T12:44:19Z,2020-12-17T21:33:15Z,#PcComponentesFelizNavidad,http://twitter.com/search?q=%23PcComponentesFelizNavidad,%23PcComponentesFelizNavidad,
288030:""2020-12-25T12:44:19Z",2020-12-17T21:33:15Z,Felipe VI,http://twitter.com/search?q=%22Felipe+VI%22,%22Felipe+VI%22,66419
"288120:""2020-12-25T14:46:55Z,2020-12-20T19:54:20Z,#PcComponentesFelizNavidad,http://twitter.com/search?q=%23PcComponentesFelizNavidad,%23PcComponentesFelizNavidad,
288137:""2020-12-25T14:46:55Z",2020-12-20T19:54:20Z,Felipe VI,http://twitter.com/search?q=%22Felipe+VI%22,%22Felipe+VI%22,69179
"304261:""2021-01-08T11:59:30Z,2021-01-07T15:04:46Z,#FelizFinde,http://twitter.com/search?q=%23FelizFinde,%23FelizFinde,
304611:""2021-01-08T19:08:50Z",2021-01-07T19:27:02Z,Felipe González,http://twitter.com/search?q=%22Felipe+Gonz%C3%A1lez%22,%22Felipe+Gonz%C3%A1lez%22,
"318500:""2021-01-20T18:20:55Z,2021-01-18T13:13:07Z,Felicidades Jordi,http://twitter.com/search?q=%22Felicidades+Jordi%22,%22Felicidades+Jordi%22,
318536:""2021-01-20T19:22:16Z",2021-01-19T10:44:11Z,#EcharYaAFelipeVI,http://twitter.com/search?q=%23EcharYaAFelipeVI,%23EcharYaAFelipeVI,
"318563:""2021-01-20T19:22:16Z,2021-01-19T10:44:11Z,Felicidades Jordi,http://twitter.com/search?q=%22Felicidades+Jordi%22,%22Felicidades+Jordi%22,
318584:""2021-01-20T20:23:38Z",2021-01-19T10:44:11Z,#EcharYaAFelipeVI,http://twitter.com/search?q=%23EcharYaAFelipeVI,%23EcharYaAFelipeVI,
"318637:""2021-01-20T21:24:58Z,2021-01-19T10:44:11Z,#EcharYaAFelipeVI,http://twitter.com/search?q=%23EcharYaAFelipeVI,%23EcharYaAFelipeVI,10574
318902:""2021-01-21T02:31:37Z",2021-01-20T08:14:57Z,#EcharYaAFelipeVI,http://twitter.com/search?q=%23EcharYaAFelipeVI,%23EcharYaAFelipeVI,13616
"318946:""2021-01-21T03:33:02Z,2021-01-20T08:14:57Z,#EcharYaAFelipeVI,http://twitter.com/search?q=%23EcharYaAFelipeVI,%23EcharYaAFelipeVI,13659
318991:""2021-01-21T04:34:21Z",2021-01-20T08:14:57Z,#EcharYaAFelipeVI,http://twitter.com/search?q=%23EcharYaAFelipeVI,%23EcharYaAFelipeVI,13792
"319013:""2021-01-21T05:35:39Z,2021-01-20T08:14:57Z,#FelizJueves,http://twitter.com/search?q=%23FelizJueves,%23FelizJueves,
319022:""2021-01-21T05:35:39Z",2021-01-20T08:14:57Z,#EcharYaAFelipeVI,http://twitter.com/search?q=%23EcharYaAFelipeVI,%23EcharYaAFelipeVI,13895
"319038:""2021-01-21T06:36:57Z,2021-01-04T11:13:03Z,#FelizJueves,http://twitter.com/search?q=%23FelizJueves,%23FelizJueves,
319050:""2021-01-21T06:36:57Z",2021-01-04T11:13:03Z,#EcharYaAFelipeVI,http://twitter.com/search?q=%23EcharYaAFelipeVI,%23EcharYaAFelipeVI,14066
"323819:""2021-01-25T08:46:47Z,2020-12-30T12:34:46Z,#FelizSemana,http://twitter.com/search?q=%23FelizSemana,%23FelizSemana,
323831:""2021-01-25T08:46:47Z",2020-12-30T12:34:46Z,Felipe González,http://twitter.com/search?q=%22Felipe+Gonz%C3%A1lez%22,%22Felipe+Gonz%C3%A1lez%22,
"324027:""2021-01-25T12:51:58Z,2021-01-24T21:36:54Z,Felipe González,http://twitter.com/search?q=%22Felipe+Gonz%C3%A1lez%22,%22Felipe+Gonz%C3%A1lez%22,
324077:""2021-01-25T13:53:18Z",2021-01-24T21:36:54Z,Felipe González,http://twitter.com/search?q=%22Felipe+Gonz%C3%A1lez%22,%22Felipe+Gonz%C3%A1lez%22,
"324126:""2021-01-25T14:54:37Z,2021-01-24T21:36:54Z,Felipe González,http://twitter.com/search?q=%22Felipe+Gonz%C3%A1lez%22,%22Felipe+Gonz%C3%A1lez%22,
324178:""2021-01-25T15:55:57Z",2021-01-24T02:46:07Z,Felipe González,http://twitter.com/search?q=%22Felipe+Gonz%C3%A1lez%22,%22Felipe+Gonz%C3%A1lez%22,
"324285:""2021-01-25T17:58:38Z,2021-01-24T02:46:07Z,Felipe González,http://twitter.com/search?q=%22Felipe+Gonz%C3%A1lez%22,%22Felipe+Gonz%C3%A1lez%22,11033
324349:""2021-01-25T18:59:58Z",2021-01-24T02:46:07Z,Felipe González,http://twitter.com/search?q=%22Felipe+Gonz%C3%A1lez%22,%22Felipe+Gonz%C3%A1lez%22,12017
"329603:""2021-01-30T07:46:03Z,2021-01-13T09:11:25Z,#FelizSabado,http://twitter.com/search?q=%23FelizSabado,%23FelizSabado,
329622:""2021-01-30T07:46:03Z",2021-01-13T09:11:25Z,Felipe VI,http://twitter.com/search?q=%22Felipe+VI%22,%22Felipe+VI%22,
"329755:""2021-01-30T10:50:11Z,2021-01-29T18:21:45Z,Felicidades Majestad,http://twitter.com/search?q=%22Felicidades+Majestad%22,%22Felicidades+Majestad%22,
329758:""2021-01-30T10:50:11Z",2021-01-29T18:21:45Z,#FelipeVINosUne,http://twitter.com/search?q=%23FelipeVINosUne,%23FelipeVINosUne,
"329805:""2021-01-30T11:51:33Z,2021-01-29T18:21:45Z,#FelizSabado,http://twitter.com/search?q=%23FelizSabado,%23FelizSabado,
329806:""2021-01-30T11:51:33Z",2021-01-29T18:21:45Z,#FelipeVINosUne,http://twitter.com/search?q=%23FelipeVINosUne,%23FelipeVINosUne,
"329958:""2021-01-30T14:55:47Z,2021-01-29T18:21:45Z,Felicidades Majestad,http://twitter.com/search?q=%22Felicidades+Majestad%22,%22Felicidades+Majestad%22,
329964:""2021-01-30T14:55:47Z",2021-01-29T18:21:45Z,#FelipeVInosUne,http://twitter.com/search?q=%23FelipeVInosUne,%23FelipeVInosUne,
"330028:""2021-01-30T15:57:13Z,2021-01-29T20:22:45Z,Felicidades Majestad,http://twitter.com/search?q=%22Felicidades+Majestad%22,%22Felicidades+Majestad%22,
330312:""2021-01-30T22:05:42Z",2021-01-30T08:40:43Z,Felipe Melo,http://twitter.com/search?q=%22Felipe+Melo%22,%22Felipe+Melo%22,
"330361:""2021-01-30T23:07:06Z,2021-01-30T08:40:43Z,Felipe Melo,http://twitter.com/search?q=%22Felipe+Melo%22,%22Felipe+Melo%22,26415
330412:""2021-01-31T00:08:29Z",2021-01-30T08:40:43Z,Felipe Melo,http://twitter.com/search?q=%22Felipe+Melo%22,%22Felipe+Melo%22,30392
"330472:""2021-01-31T01:09:51Z,2021-01-30T12:48:12Z,Felipe Melo,http://twitter.com/search?q=%22Felipe+Melo%22,%22Felipe+Melo%22,32524
330525:""2021-01-31T02:11:14Z",2021-01-30T12:48:12Z,Felipe Melo,http://twitter.com/search?q=%22Felipe+Melo%22,%22Felipe+Melo%22,33875
"344068:""2021-03-03T07:01:26Z,2021-02-03T07:16:45Z,#FelizMiércoles,http://twitter.com/search?q=%23FelizMi%C3%A9rcoles,%23FelizMi%C3%A9rcoles,
344112:""2021-03-03T07:01:26Z",2021-02-03T07:16:45Z,Felipe VI,http://twitter.com/search?q=%22Felipe+VI%22,%22Felipe+VI%22,
"344119:""2021-03-03T11:01:26Z,2021-03-02T09:05:48Z,#FelizMiercoles,http://twitter.com/search?q=%23FelizMiercoles,%23FelizMiercoles,
344133:""2021-03-03T11:01:26Z",2021-03-02T09:05:48Z,Felipe VI,http://twitter.com/search?q=%22Felipe+VI%22,%22Felipe+VI%22,
"353549:""2021-04-04T06:01:25Z,2021-03-28T22:25:58Z,Felipe VI,http://twitter.com/search?q=%22Felipe+VI%22,%22Felipe+VI%22,
353594:""2021-04-04T10:01:21Z",2021-04-01T23:03:07Z,Felipe VI,http://twitter.com/search?q=%22Felipe+VI%22,%22Felipe+VI%22,19077
"355676:""2021-04-11T10:01:25Z,2021-04-09T22:56:58Z,#FelizDomingo,http://twitter.com/search?q=%23FelizDomingo,%23FelizDomingo,
355683:""2021-04-11T10:01:25Z",2021-04-09T22:56:58Z,León Felipe,http://twitter.com/search?q=%22Le%C3%B3n+Felipe%22,%22Le%C3%B3n+Felipe%22,
"361123:""2021-04-29T22:01:31Z,2021-04-29T06:27:09Z,Felipe González,http://twitter.com/search?q=%22Felipe+Gonz%C3%A1lez%22,%22Felipe+Gonz%C3%A1lez%22,
361174:""2021-04-30T02:01:36Z",2021-04-28T12:47:37Z,Felipe González,http://twitter.com/search?q=%22Felipe+Gonz%C3%A1lez%22,%22Felipe+Gonz%C3%A1lez%22,13142
"361220:""2021-04-30T06:01:39Z,2021-04-09T09:10:00Z,Felipe González,http://twitter.com/search?q=%22Felipe+Gonz%C3%A1lez%22,%22Felipe+Gonz%C3%A1lez%22,15349
361271:""2021-04-30T10:01:26Z",2021-04-29T08:30:00Z,Felipe González,http://twitter.com/search?q=%22Felipe+Gonz%C3%A1lez%22,%22Felipe+Gonz%C3%A1lez%22,21453
"363290:""2021-05-07T06:01:35Z,2021-04-15T05:41:53Z,#FelizFinde,http://twitter.com/search?q=%23FelizFinde,%23FelizFinde,
363309:""2021-05-07T06:01:35Z",2021-04-15T05:41:53Z,Felipe González,http://twitter.com/search?q=%22Felipe+Gonz%C3%A1lez%22,%22Felipe+Gonz%C3%A1lez%22,
"363358:""2021-05-07T10:01:29Z,2021-05-06T07:43:18Z,Felipe González,http://twitter.com/search?q=%22Felipe+Gonz%C3%A1lez%22,%22Felipe+Gonz%C3%A1lez%22,
363414:""2021-05-07T14:01:32Z",2021-05-05T14:06:18Z,Felipe González,http://twitter.com/search?q=%22Felipe+Gonz%C3%A1lez%22,%22Felipe+Gonz%C3%A1lez%22,
"363453:""2021-05-07T18:01:32Z,2021-05-06T13:58:58Z,Felipe VI,http://twitter.com/search?q=%22Felipe+VI%22,%22Felipe+VI%22,
363456:""2021-05-07T18:01:32Z",2021-05-06T13:58:58Z,Felipe González,http://twitter.com/search?q=%22Felipe+Gonz%C3%A1lez%22,%22Felipe+Gonz%C3%A1lez%22,12387
"363478:""2021-05-07T18:01:32Z,2021-05-06T13:58:58Z,#FelizFinde,http://twitter.com/search?q=%23FelizFinde,%23FelizFinde,
363528:""2021-05-07T22:01:32Z",2021-05-06T21:48:36Z,Felipe VI,http://twitter.com/search?q=%22Felipe+VI%22,%22Felipe+VI%22,
"363930:""2021-05-09T10:01:33Z,2021-05-07T09:16:20Z,#FelizDomingo,http://twitter.com/search?q=%23FelizDomingo,%23FelizDomingo,
364120:""2021-05-09T22:01:37Z",2021-05-09T06:00:00Z,La de Felipe,http://twitter.com/search?q=%22La+de+Felipe%22,%22La+de+Felipe%22,11580
"366019:""2021-05-16T10:01:52Z,2021-04-29T02:13:37Z,#FelizDomingo,http://twitter.com/search?q=%23FelizDomingo,%23FelizDomingo,
366038:""2021-05-16T10:01:52Z",2021-04-29T02:13:37Z,Felipe González,http://twitter.com/search?q=%22Felipe+Gonz%C3%A1lez%22,%22Felipe+Gonz%C3%A1lez%22,
"366571:""2021-05-18T06:01:58Z,2021-04-26T21:46:26Z,#FelizMartes,http://twitter.com/search?q=%23FelizMartes,%23FelizMartes,
366647:""2021-05-18T10:01:55Z",2021-05-17T15:56:34Z,Felipe VI,http://twitter.com/search?q=%22Felipe+VI%22,%22Felipe+VI%22,
"366668:""2021-05-18T10:01:55Z,2021-05-17T15:56:34Z,#FelizMartes,http://twitter.com/search?q=%23FelizMartes,%23FelizMartes,
366681:""2021-05-18T14:01:51Z",2021-05-17T15:56:34Z,Felipe VI,http://twitter.com/search?q=%22Felipe+VI%22,%22Felipe+VI%22,
"366939:""2021-05-19T10:01:51Z,2021-05-18T07:06:25Z,Joao Felix,http://twitter.com/search?q=%22Joao+Felix%22,%22Joao+Felix%22,
367061:""2021-05-19T18:02:04Z",2021-05-19T01:08:31Z,Felipe IV,http://twitter.com/search?q=%22Felipe+IV%22,%22Felipe+IV%22,
"367102:""2021-05-19T22:02:00Z,2021-05-19T06:03:13Z,Felipe IV,http://twitter.com/search?q=%22Felipe+IV%22,%22Felipe+IV%22,
367148:""2021-05-20T02:02:11Z",2021-05-19T06:03:13Z,Felipe IV,http://twitter.com/search?q=%22Felipe+IV%22,%22Felipe+IV%22,
"368352:""2021-05-24T06:02:01Z,2021-05-05T05:31:26Z,#FelizSemana,http://twitter.com/search?q=%23FelizSemana,%23FelizSemana,
368381:""2021-05-24T06:02:01Z",2021-05-05T05:31:26Z,Felipe VI,http://twitter.com/search?q=%22Felipe+VI%22,%22Felipe+VI%22,
"368951:""2021-05-26T06:02:06Z,2021-04-26T21:46:06Z,#FelizMiércoles,http://twitter.com/search?q=%23FelizMi%C3%A9rcoles,%23FelizMi%C3%A9rcoles,
368960:""2021-05-26T06:02:06Z",2021-04-26T21:46:06Z,San Felipe Neri,http://twitter.com/search?q=%22San+Felipe+Neri%22,%22San+Felipe+Neri%22,
"369002:""2021-05-26T10:02:11Z,2021-05-25T12:04:40Z,#FelizMiercoles,http://twitter.com/search?q=%23FelizMiercoles,%23FelizMiercoles,
369026:""2021-05-26T10:02:11Z",2021-05-25T12:04:40Z,San Felipe Neri,http://twitter.com/search?q=%22San+Felipe+Neri%22,%22San+Felipe+Neri%22,
"369196:""2021-05-26T22:02:08Z,2021-05-24T11:28:43Z,#FelipeGonzálezEH,http://twitter.com/search?q=%23FelipeGonz%C3%A1lezEH,%23FelipeGonz%C3%A1lezEH,
369219:""2021-05-27T02:02:02Z",2021-05-24T11:28:43Z,#FelipeGonzálezEH,http://twitter.com/search?q=%23FelipeGonz%C3%A1lezEH,%23FelipeGonz%C3%A1lezEH,
"369251:""2021-05-27T06:01:56Z,2021-05-24T11:28:43Z,#FelizJueves,http://twitter.com/search?q=%23FelizJueves,%23FelizJueves,
369255:""2021-05-27T06:01:56Z",2021-05-24T11:28:43Z,Felipe González,http://twitter.com/search?q=%22Felipe+Gonz%C3%A1lez%22,%22Felipe+Gonz%C3%A1lez%22,
"369279:""2021-05-27T10:02:02Z,2021-05-25T12:11:33Z,#FelizJueves,http://twitter.com/search?q=%23FelizJueves,%23FelizJueves,
369284:""2021-05-27T10:02:02Z",2021-05-25T12:11:33Z,Felipe González,http://twitter.com/search?q=%22Felipe+Gonz%C3%A1lez%22,%22Felipe+Gonz%C3%A1lez%22,17149
"374330:""2021-06-13T10:01:59Z,2021-06-12T05:46:17Z,Felicidades Antonio,http://twitter.com/search?q=%22Felicidades+Antonio%22,%22Felicidades+Antonio%22,
374372:""2021-06-13T14:02:01Z",2021-06-12T05:46:17Z,Felipe VI,http://twitter.com/search?q=%22Felipe+VI%22,%22Felipe+VI%22,
"374562:""2021-06-14T06:01:59Z,2021-05-16T13:23:32Z,#FelizSemana,http://twitter.com/search?q=%23FelizSemana,%23FelizSemana,
374597:""2021-06-14T06:01:59Z",2021-05-16T13:23:32Z,Felipe González,http://twitter.com/search?q=%22Felipe+Gonz%C3%A1lez%22,%22Felipe+Gonz%C3%A1lez%22,
"374611:""2021-06-14T10:02:00Z,2021-06-13T09:25:02Z,#FelizLunes,http://twitter.com/search?q=%23FelizLunes,%23FelizLunes,
374641:""2021-06-14T10:02:00Z",2021-06-13T09:25:02Z,Felipe VI,http://twitter.com/search?q=%22Felipe+VI%22,%22Felipe+VI%22,18451
"376081:""2021-06-19T10:02:01Z,2021-05-30T12:46:24Z,Feliz 19,http://twitter.com/search?q=%22Feliz+19%22,%22Feliz+19%22,
376095:""2021-06-19T10:02:01Z",2021-05-30T12:46:24Z,Felipe VI,http://twitter.com/search?q=%22Felipe+VI%22,%22Felipe+VI%22,
"377310:""2021-06-23T14:02:07Z,2021-06-22T04:49:22Z,Felipe Reyes,http://twitter.com/search?q=%22Felipe+Reyes%22,%22Felipe+Reyes%22,
377395:""2021-06-23T18:02:05Z",2021-06-22T21:29:25Z,Felipe Reyes,http://twitter.com/search?q=%22Felipe+Reyes%22,%22Felipe+Reyes%22,
"377593:""2021-06-24T14:02:25Z,2021-06-22T16:21:28Z,#GraciasFelipe,http://twitter.com/search?q=%23GraciasFelipe,%23GraciasFelipe,
377598:""2021-06-24T14:02:25Z",2021-06-22T16:21:28Z,Felipe Reyes,http://twitter.com/search?q=%22Felipe+Reyes%22,%22Felipe+Reyes%22,
"377614:""2021-06-24T14:02:25Z,2021-06-22T16:21:28Z,Felicidades Juan,http://twitter.com/search?q=%22Felicidades+Juan%22,%22Felicidades+Juan%22,
377659:""2021-06-24T18:02:04Z",2021-06-22T16:21:28Z,Felipe Reyes,http://twitter.com/search?q=%22Felipe+Reyes%22,%22Felipe+Reyes%22,
"378489:""2021-06-28T06:01:59Z,2021-06-04T00:02:59Z,#FelizSemana,http://twitter.com/search?q=%23FelizSemana,%23FelizSemana,
378520:""2021-06-28T06:01:59Z",2021-06-04T00:02:59Z,Felipe VI,http://twitter.com/search?q=%22Felipe+VI%22,%22Felipe+VI%22,
"381181:""2021-07-07T10:01:56Z,2021-07-05T19:03:31Z,#FelizMiercoles,http://twitter.com/search?q=%23FelizMiercoles,%23FelizMiercoles,
381450:""2021-07-07T19:39:55Z",2021-07-06T06:20:00Z,Felipe VI,http://twitter.com/search?q=%22Felipe+VI%22,%22Felipe+VI%22,
